-- MySQL dump 10.13  Distrib 8.0.20, for Linux (x86_64)
--
-- Host: localhost    Database: vk
-- ------------------------------------------------------
-- Server version	8.0.20-0ubuntu0.20.04.1

/*!40101 SET @OLD_CHARACTER_SET_CLIENT=@@CHARACTER_SET_CLIENT */;
/*!40101 SET @OLD_CHARACTER_SET_RESULTS=@@CHARACTER_SET_RESULTS */;
/*!40101 SET @OLD_COLLATION_CONNECTION=@@COLLATION_CONNECTION */;
/*!50503 SET NAMES utf8mb4 */;
/*!40103 SET @OLD_TIME_ZONE=@@TIME_ZONE */;
/*!40103 SET TIME_ZONE='+00:00' */;
/*!40014 SET @OLD_UNIQUE_CHECKS=@@UNIQUE_CHECKS, UNIQUE_CHECKS=0 */;
/*!40014 SET @OLD_FOREIGN_KEY_CHECKS=@@FOREIGN_KEY_CHECKS, FOREIGN_KEY_CHECKS=0 */;
/*!40101 SET @OLD_SQL_MODE=@@SQL_MODE, SQL_MODE='NO_AUTO_VALUE_ON_ZERO' */;
/*!40111 SET @OLD_SQL_NOTES=@@SQL_NOTES, SQL_NOTES=0 */;

--
-- Table structure for table `communities`
--

DROP TABLE IF EXISTS `communities`;
/*!40101 SET @saved_cs_client     = @@character_set_client */;
/*!50503 SET character_set_client = utf8mb4 */;
CREATE TABLE `communities` (
  `id` int unsigned NOT NULL AUTO_INCREMENT COMMENT 'Идентификатор сроки',
  `name` varchar(150) CHARACTER SET utf8 COLLATE utf8_unicode_ci NOT NULL COMMENT 'Название группы',
  `created_at` datetime DEFAULT CURRENT_TIMESTAMP COMMENT 'Время создания строки',
  `updated_at` datetime DEFAULT CURRENT_TIMESTAMP ON UPDATE CURRENT_TIMESTAMP COMMENT 'Время обновления строки',
  PRIMARY KEY (`id`),
  UNIQUE KEY `name` (`name`)
) ENGINE=InnoDB AUTO_INCREMENT=101 DEFAULT CHARSET=utf8 COLLATE=utf8_unicode_ci COMMENT='Группы';
/*!40101 SET character_set_client = @saved_cs_client */;

--
-- Dumping data for table `communities`
--

LOCK TABLES `communities` WRITE;
/*!40000 ALTER TABLE `communities` DISABLE KEYS */;
INSERT INTO `communities` VALUES (1,'sapiente','2020-02-15 05:59:47','2020-07-26 22:18:22'),(2,'enim','2018-03-21 16:37:18','2019-08-29 04:53:23'),(3,'perspiciatis','2019-01-05 13:18:14','2020-05-18 14:52:31'),(4,'doloremque','2014-06-05 04:43:23','2019-12-19 23:00:35'),(5,'dolores','2012-10-27 15:11:47','2020-04-12 12:42:20'),(6,'vel','2017-10-12 20:23:30','2020-05-11 03:16:23'),(7,'necessitatibus','2016-05-20 15:55:00','2019-07-24 10:58:23'),(8,'dolor','2012-12-06 02:14:31','2020-03-11 14:40:07'),(9,'ut','2018-01-27 07:14:18','2019-09-17 13:58:10'),(10,'aliquid','2016-05-08 19:15:14','2020-03-23 20:30:02'),(11,'repellendus','2011-10-06 22:10:45','2019-08-29 13:37:01'),(12,'aut','2011-03-21 06:05:17','2019-12-02 09:29:45'),(13,'qui','2014-08-27 14:31:37','2019-07-30 08:09:57'),(14,'veniam','2019-08-02 16:18:30','2020-02-02 08:39:29'),(15,'eligendi','2012-04-10 21:34:12','2020-05-26 22:34:32'),(16,'et','2017-10-26 19:27:54','2019-12-08 01:42:14'),(17,'similique','2010-11-11 07:17:32','2020-01-22 08:08:11'),(18,'soluta','2018-12-15 14:40:32','2020-06-17 22:13:28'),(19,'expedita','2011-01-28 20:45:11','2019-11-15 22:43:37'),(20,'inventore','2017-02-17 07:47:45','2019-10-13 01:25:10');
/*!40000 ALTER TABLE `communities` ENABLE KEYS */;
UNLOCK TABLES;

--
-- Table structure for table `communities_users`
--

DROP TABLE IF EXISTS `communities_users`;
/*!40101 SET @saved_cs_client     = @@character_set_client */;
/*!50503 SET character_set_client = utf8mb4 */;
CREATE TABLE `communities_users` (
  `community_id` int unsigned NOT NULL COMMENT 'Ссылка на группу',
  `user_id` int unsigned NOT NULL COMMENT 'Ссылка на пользователя',
  `created_at` datetime DEFAULT CURRENT_TIMESTAMP COMMENT 'Время создания строки',
  PRIMARY KEY (`community_id`,`user_id`) COMMENT 'Составной первичный ключ'
) ENGINE=InnoDB DEFAULT CHARSET=utf8 COLLATE=utf8_unicode_ci COMMENT='Участники групп, связь между пользователями и группами';
/*!40101 SET character_set_client = @saved_cs_client */;

--
-- Dumping data for table `communities_users`
--

LOCK TABLES `communities_users` WRITE;
/*!40000 ALTER TABLE `communities_users` DISABLE KEYS */;
INSERT INTO `communities_users` VALUES (1,4,'1974-04-17 22:15:45'),(1,19,'2005-08-22 13:39:39'),(1,30,'1987-05-10 08:07:59'),(1,46,'2018-07-15 11:00:18'),(1,64,'2010-01-02 01:29:13'),(1,68,'1993-04-06 09:15:16'),(1,93,'1990-02-15 00:02:08'),(2,1,'2017-01-23 06:12:46'),(2,21,'1985-09-16 04:52:00'),(2,39,'1986-02-14 05:43:29'),(2,59,'2003-11-24 10:40:22'),(2,64,'2011-01-27 20:00:24'),(2,71,'1990-12-15 19:41:06'),(2,73,'2016-05-14 03:07:58'),(2,96,'1973-10-06 17:38:56'),(3,14,'1986-02-06 19:09:35'),(3,65,'1995-02-23 09:49:32'),(3,68,'1976-11-29 07:08:03'),(3,96,'1990-12-28 14:21:32'),(3,98,'1971-01-10 16:36:26'),(5,4,'2006-12-11 17:18:17'),(5,27,'2000-02-23 16:00:36'),(5,32,'2006-03-18 07:25:17'),(5,77,'2005-10-10 11:44:36'),(5,81,'2015-05-05 20:17:37'),(6,11,'2000-02-23 11:58:33'),(6,31,'1996-10-23 22:52:42'),(6,34,'1980-12-28 13:48:39'),(6,55,'2019-02-10 14:31:30'),(6,56,'1991-05-09 18:58:41'),(6,74,'2001-10-10 21:13:39'),(6,82,'2011-11-01 20:34:27'),(6,94,'1973-10-23 10:24:56'),(7,8,'1984-06-29 12:40:07'),(7,27,'1985-01-19 08:58:09'),(7,45,'1980-04-20 21:52:07'),(7,58,'1970-12-19 06:47:02'),(7,59,'1977-05-15 11:37:32'),(7,66,'2013-08-28 02:31:49'),(7,91,'1989-08-17 08:56:34'),(8,5,'2002-09-01 18:41:21'),(8,27,'2018-06-24 20:13:43'),(8,29,'1991-04-16 08:29:20'),(8,42,'2011-02-21 21:34:13'),(8,96,'1992-02-13 06:56:52'),(9,23,'2003-09-21 08:37:43'),(9,49,'2018-12-05 22:07:48'),(9,53,'1991-01-17 15:10:16'),(9,70,'1980-04-09 09:11:29'),(9,71,'1994-06-17 04:39:50'),(10,9,'1992-06-25 21:52:09'),(10,80,'1978-11-15 13:08:04'),(10,91,'1989-04-12 09:29:37'),(10,94,'1976-04-28 00:22:59'),(11,18,'2005-12-19 09:56:09'),(11,32,'2004-05-19 08:59:20'),(11,36,'1999-10-08 03:35:04'),(11,70,'1998-02-03 12:30:14'),(11,86,'1977-02-25 14:58:52'),(12,15,'1990-04-11 07:10:15'),(12,29,'1985-05-21 06:59:09'),(12,51,'2004-05-06 02:54:40'),(13,10,'2020-01-28 09:53:06'),(13,78,'2019-06-15 10:17:28'),(13,82,'1995-02-22 18:41:59'),(14,9,'1996-09-19 22:08:43'),(14,41,'2002-05-29 03:20:02'),(14,64,'2005-07-30 16:50:55'),(14,74,'2008-11-15 06:38:24'),(14,89,'2017-06-24 05:10:30'),(15,26,'2006-10-22 14:42:58'),(15,31,'2003-08-11 09:48:12'),(15,35,'2012-04-13 07:12:07'),(15,73,'1987-11-25 15:55:35'),(16,21,'1978-04-29 08:18:14'),(16,57,'2003-09-11 18:48:08'),(16,86,'1974-05-18 15:42:38'),(17,4,'2010-02-22 06:32:24'),(17,17,'1979-10-02 04:15:48'),(17,33,'1975-04-19 01:50:32'),(17,46,'1997-06-30 00:38:38'),(17,47,'1974-03-04 17:44:40'),(18,10,'2005-01-08 11:04:18'),(18,12,'2017-05-29 01:31:50'),(18,19,'1992-02-18 13:34:31'),(18,37,'1989-01-11 10:00:39'),(18,59,'2001-07-06 21:17:34'),(19,11,'1976-11-30 20:22:43'),(19,12,'1987-10-23 18:17:24'),(19,38,'2003-05-30 07:14:01'),(19,50,'1975-08-07 09:34:51'),(19,74,'2002-05-04 08:38:56'),(19,81,'1996-11-21 00:03:10'),(19,83,'1979-07-25 06:50:13'),(20,5,'2009-11-01 21:42:45'),(20,24,'1979-08-16 19:29:06'),(20,36,'1997-07-08 10:53:07'),(20,44,'1978-07-26 16:20:28'),(20,50,'1981-08-24 09:02:11'),(20,55,'1990-07-24 02:05:22');
/*!40000 ALTER TABLE `communities_users` ENABLE KEYS */;
UNLOCK TABLES;

--
-- Table structure for table `friendship`
--

DROP TABLE IF EXISTS `friendship`;
/*!40101 SET @saved_cs_client     = @@character_set_client */;
/*!50503 SET character_set_client = utf8mb4 */;
CREATE TABLE `friendship` (
  `user_id` int unsigned NOT NULL COMMENT 'Ссылка на инициатора дружеских отношений',
  `friend_id` int unsigned NOT NULL COMMENT 'Ссылка на получателя приглашения дружить',
  `status_id` int unsigned NOT NULL COMMENT 'Ссылка на статус (текущее состояние) отношений',
  `requested_at` datetime DEFAULT CURRENT_TIMESTAMP COMMENT 'Время отправления приглашения дружить',
  `confirmed_at` datetime DEFAULT NULL COMMENT 'Время подтверждения приглашения',
  `updated_at` datetime DEFAULT CURRENT_TIMESTAMP ON UPDATE CURRENT_TIMESTAMP COMMENT 'Время обновления строки',
  PRIMARY KEY (`user_id`,`friend_id`) COMMENT 'Составной первичный ключ'
) ENGINE=InnoDB DEFAULT CHARSET=utf8 COLLATE=utf8_unicode_ci COMMENT='Таблица дружбы';
/*!40101 SET character_set_client = @saved_cs_client */;

--
-- Dumping data for table `friendship`
--

LOCK TABLES `friendship` WRITE;
/*!40000 ALTER TABLE `friendship` DISABLE KEYS */;
INSERT INTO `friendship` VALUES (1,50,2,'2006-02-07 15:17:24','2020-07-26 22:19:38','2020-07-26 22:19:38'),(2,36,3,'1985-11-09 06:02:55','2020-07-26 22:19:38','2020-07-26 22:19:38'),(2,69,2,'2019-12-18 10:37:23','2020-07-26 22:19:38','2020-07-26 22:19:38'),(2,78,2,'1979-11-28 13:54:53','2011-01-11 09:40:20','2020-07-26 22:10:01'),(3,25,3,'2006-10-23 07:11:48','2020-07-26 22:19:38','2020-07-26 22:19:38'),(4,52,1,'1998-09-01 13:19:40','2020-07-26 22:19:38','2020-07-26 22:19:38'),(5,48,2,'1982-04-01 15:57:51','2020-07-26 22:19:38','2020-07-26 22:19:38'),(7,3,2,'2013-02-28 03:24:29','2020-07-26 22:19:38','2020-07-26 22:19:38'),(8,52,1,'2005-01-18 16:27:28','2020-02-03 00:34:53','2020-07-26 22:10:01'),(10,89,3,'1981-07-10 02:46:05','1991-02-09 16:27:29','2020-07-26 22:10:01'),(11,30,2,'1972-09-16 22:41:39','2017-09-15 16:20:47','2020-07-26 22:10:01'),(12,49,1,'1983-12-18 02:42:43','2000-09-13 17:27:57','2020-07-26 22:10:01'),(13,97,3,'2017-06-08 19:55:28','2020-07-26 22:19:38','2020-07-26 22:19:38'),(14,3,2,'2009-12-26 13:06:36','2020-07-26 22:19:38','2020-07-26 22:19:38'),(14,60,1,'2008-01-03 21:50:35','2020-07-26 22:19:38','2020-07-26 22:19:38'),(18,61,3,'2012-01-22 16:04:35','2020-07-26 22:19:38','2020-07-26 22:19:38'),(18,93,2,'1981-09-28 00:28:37','1989-08-08 17:51:40','2020-07-26 22:10:01'),(20,35,2,'1981-11-10 15:56:27','1985-08-04 21:47:24','2020-07-26 22:10:01'),(21,64,2,'1982-02-24 11:13:22','2011-08-22 10:21:40','2020-07-26 22:10:01'),(21,97,2,'2000-06-25 23:05:03','2020-07-26 22:19:38','2020-07-26 22:19:38'),(22,13,2,'1988-10-11 16:55:48','2006-07-24 09:12:05','2020-07-26 22:10:01'),(22,14,3,'1977-12-01 12:33:10','2002-11-16 07:18:07','2020-07-26 22:10:01'),(22,39,3,'1970-09-24 08:01:48','1986-08-14 00:33:09','2020-07-26 22:10:01'),(23,94,1,'2006-06-25 01:47:03','2020-07-26 22:19:38','2020-07-26 22:19:38'),(26,94,1,'1975-08-19 02:00:59','2009-05-08 23:04:46','2020-07-26 22:10:01'),(27,35,3,'2015-06-03 02:29:34','2020-07-26 22:19:38','2020-07-26 22:19:38'),(28,6,1,'1987-09-27 23:39:19','2020-07-26 22:19:38','2020-07-26 22:19:38'),(28,68,1,'1995-11-19 01:33:44','2020-07-26 22:19:38','2020-07-26 22:19:38'),(29,75,1,'2012-04-04 21:53:19','2017-06-11 06:01:12','2020-07-26 22:10:01'),(30,10,1,'2002-01-29 07:47:13','2013-03-21 13:33:03','2020-07-26 22:10:01'),(31,3,3,'1975-12-16 15:45:25','2007-11-26 09:11:06','2020-07-26 22:10:01'),(31,18,1,'1994-07-07 17:30:38','2020-07-26 22:19:38','2020-07-26 22:19:38'),(31,72,2,'1977-08-11 10:39:59','2020-07-26 22:19:38','2020-07-26 22:19:38'),(32,96,3,'1986-05-10 20:00:23','2020-07-26 22:19:38','2020-07-26 22:19:38'),(33,29,2,'2001-11-04 04:32:13','2020-07-26 22:19:38','2020-07-26 22:19:38'),(33,63,3,'2020-06-01 15:09:22','2020-07-26 22:19:38','2020-07-26 22:19:38'),(34,52,2,'2009-12-21 20:07:01','2020-07-26 22:19:38','2020-07-26 22:19:38'),(36,77,3,'1998-01-02 05:31:53','2020-07-26 22:19:38','2020-07-26 22:19:38'),(37,15,3,'2005-09-03 08:10:53','2020-07-26 22:19:38','2020-07-26 22:19:38'),(37,79,3,'1993-10-13 20:49:31','2020-07-26 22:19:38','2020-07-26 22:19:38'),(39,3,2,'1999-06-05 15:46:20','2020-07-26 22:19:38','2020-07-26 22:19:38'),(40,12,3,'1988-12-11 00:02:31','1995-11-21 17:19:04','2020-07-26 22:10:01'),(40,85,1,'2015-04-07 17:34:36','2020-07-26 22:19:38','2020-07-26 22:19:38'),(41,28,2,'2015-02-17 22:33:56','2020-07-26 22:19:38','2020-07-26 22:19:38'),(41,74,1,'1986-09-10 20:54:09','2003-08-03 03:12:10','2020-07-26 22:10:01'),(41,80,2,'1981-06-16 06:04:27','1990-03-02 10:54:16','2020-07-26 22:10:01'),(42,52,3,'2001-04-11 04:04:01','2020-07-26 22:19:38','2020-07-26 22:19:38'),(42,77,1,'2000-05-02 17:10:36','2003-01-16 20:27:52','2020-07-26 22:10:01'),(43,2,3,'1992-04-24 00:14:25','2020-07-26 22:19:38','2020-07-26 22:19:38'),(43,28,1,'1983-07-18 21:34:22','2005-10-16 17:32:13','2020-07-26 22:10:01'),(43,64,3,'1978-07-15 06:17:32','2006-04-22 05:11:14','2020-07-26 22:10:01'),(44,13,3,'2002-02-20 05:13:15','2020-07-26 22:19:38','2020-07-26 22:19:38'),(46,93,2,'1974-04-17 02:33:01','1999-04-20 22:15:26','2020-07-26 22:10:01'),(49,24,3,'2008-04-22 09:23:21','2020-07-26 22:19:38','2020-07-26 22:19:38'),(49,25,3,'1989-01-11 18:02:09','2003-05-19 09:51:01','2020-07-26 22:09:16'),(49,80,2,'2014-08-21 12:23:35','2020-07-26 22:19:38','2020-07-26 22:19:38'),(49,83,2,'2010-07-06 19:32:59','2020-07-26 22:19:38','2020-07-26 22:19:38'),(51,59,3,'2018-10-11 21:46:55','2020-07-26 22:19:38','2020-07-26 22:19:38'),(52,67,1,'2007-12-29 22:03:14','2020-07-26 22:19:38','2020-07-26 22:19:38'),(52,75,2,'2019-05-18 16:25:47','2020-07-26 22:19:38','2020-07-26 22:19:38'),(53,25,3,'2013-03-11 16:58:08','2020-07-26 22:19:38','2020-07-26 22:19:38'),(53,73,2,'2012-12-04 22:27:00','2020-07-26 22:19:38','2020-07-26 22:19:38'),(55,17,3,'1972-01-01 18:56:02','1989-04-29 21:27:05','2020-07-26 22:10:01'),(55,49,2,'1999-11-18 22:06:42','2014-09-10 03:25:01','2020-07-26 22:10:01'),(56,3,2,'2008-07-05 14:14:57','2020-07-26 22:19:38','2020-07-26 22:19:38'),(56,31,3,'1973-06-25 18:53:46','2014-07-28 11:59:18','2020-07-26 22:10:01'),(57,95,3,'1972-07-05 19:51:16','1978-01-04 06:17:42','2020-07-26 22:10:01'),(61,95,1,'2020-01-05 17:03:08','2020-07-26 22:19:38','2020-07-26 22:19:38'),(62,38,2,'2019-05-22 06:50:37','2020-07-26 22:19:38','2020-07-26 22:19:38'),(63,70,3,'1970-02-01 10:01:00','2000-02-16 10:27:38','2020-07-26 22:10:01'),(64,92,3,'2008-05-24 02:03:58','2009-04-13 06:19:56','2020-07-26 22:10:01'),(67,29,2,'1984-11-17 18:41:12','1994-10-07 11:09:12','2020-07-26 22:10:01'),(69,61,3,'1990-05-01 19:47:43','2020-07-26 22:19:38','2020-07-26 22:19:38'),(69,64,3,'1973-01-29 17:15:13','1990-02-09 04:48:10','2020-07-26 22:10:01'),(69,70,2,'2002-04-30 23:01:31','2020-07-26 22:19:38','2020-07-26 22:19:38'),(72,18,2,'1982-11-30 01:31:00','2020-07-26 22:19:38','2020-07-26 22:19:38'),(72,31,2,'2002-04-30 05:31:38','2020-07-26 22:19:38','2020-07-26 22:19:38'),(73,19,1,'1982-10-27 14:23:59','2020-07-26 22:19:38','2020-07-26 22:19:38'),(74,16,2,'1982-04-12 08:50:35','2007-07-25 00:24:24','2020-07-26 22:10:01'),(74,67,1,'1981-02-26 12:48:56','1986-12-26 21:12:38','2020-07-26 22:10:01'),(75,91,3,'2019-07-19 18:14:00','2020-07-26 22:19:38','2020-07-26 22:19:38'),(76,30,3,'2000-05-06 14:15:30','2001-01-21 01:50:59','2020-07-26 22:10:01'),(78,64,3,'1992-11-15 06:54:08','1995-02-21 15:25:00','2020-07-26 22:10:01'),(79,7,3,'1977-01-08 03:17:00','2009-05-10 20:18:56','2020-07-26 22:10:01'),(79,81,1,'2008-02-05 22:55:48','2020-07-26 22:19:38','2020-07-26 22:19:38'),(79,96,2,'1992-02-11 03:51:53','2008-06-26 08:01:55','2020-07-26 22:10:01'),(80,50,3,'1995-06-09 13:33:34','2017-12-09 20:31:09','2020-07-26 22:10:01'),(82,47,1,'1997-07-22 00:52:27','2003-01-06 13:20:56','2020-07-26 22:10:01'),(82,64,2,'2012-06-12 15:01:30','2020-07-26 22:19:38','2020-07-26 22:19:38'),(84,38,1,'2009-06-26 02:33:58','2020-07-26 22:19:38','2020-07-26 22:19:38'),(84,55,1,'1981-12-16 09:45:29','2020-07-26 22:19:38','2020-07-26 22:19:38'),(88,16,1,'2002-12-16 09:32:21','2020-07-26 22:19:38','2020-07-26 22:19:38'),(90,42,1,'2001-11-03 19:37:01','2020-07-26 22:19:38','2020-07-26 22:19:38'),(90,52,2,'2019-12-03 11:10:08','2020-07-26 22:19:38','2020-07-26 22:19:38'),(94,9,1,'2011-04-02 00:04:39','2012-12-13 01:54:18','2020-07-26 22:10:01'),(95,44,3,'1973-05-31 12:25:07','1976-01-04 02:25:41','2020-07-26 22:10:01'),(95,80,3,'1987-12-23 13:18:41','2002-09-04 18:48:58','2020-07-26 22:10:01'),(98,83,1,'1993-12-11 10:58:52','2020-04-21 06:06:07','2020-07-26 22:10:01'),(99,14,2,'2017-11-05 07:16:01','2019-05-27 08:44:51','2020-07-26 22:10:01'),(100,94,3,'2012-04-04 14:13:32','2020-07-26 22:19:38','2020-07-26 22:19:38');
/*!40000 ALTER TABLE `friendship` ENABLE KEYS */;
UNLOCK TABLES;

--
-- Table structure for table `friendship_statuses`
--

DROP TABLE IF EXISTS `friendship_statuses`;
/*!40101 SET @saved_cs_client     = @@character_set_client */;
/*!50503 SET character_set_client = utf8mb4 */;
CREATE TABLE `friendship_statuses` (
  `id` int unsigned NOT NULL AUTO_INCREMENT COMMENT 'Идентификатор строки',
  `name` varchar(150) CHARACTER SET utf8 COLLATE utf8_unicode_ci NOT NULL COMMENT 'Название статуса',
  `created_at` datetime DEFAULT CURRENT_TIMESTAMP COMMENT 'Время создания строки',
  `updated_at` datetime DEFAULT CURRENT_TIMESTAMP ON UPDATE CURRENT_TIMESTAMP COMMENT 'Время обновления строки',
  PRIMARY KEY (`id`),
  UNIQUE KEY `name` (`name`)
) ENGINE=InnoDB AUTO_INCREMENT=4 DEFAULT CHARSET=utf8 COLLATE=utf8_unicode_ci COMMENT='Статусы дружбы';
/*!40101 SET character_set_client = @saved_cs_client */;

--
-- Dumping data for table `friendship_statuses`
--

LOCK TABLES `friendship_statuses` WRITE;
/*!40000 ALTER TABLE `friendship_statuses` DISABLE KEYS */;
INSERT INTO `friendship_statuses` VALUES (1,'requested','2020-07-26 22:08:08','2020-07-26 22:08:08'),(2,'confirmed','2020-07-26 22:08:08','2020-07-26 22:08:08'),(3,'rejected','2020-07-26 22:08:08','2020-07-26 22:08:08');
/*!40000 ALTER TABLE `friendship_statuses` ENABLE KEYS */;
UNLOCK TABLES;

--
-- Table structure for table `media`
--

DROP TABLE IF EXISTS `media`;
/*!40101 SET @saved_cs_client     = @@character_set_client */;
/*!50503 SET character_set_client = utf8mb4 */;
CREATE TABLE `media` (
  `id` int unsigned NOT NULL AUTO_INCREMENT,
  `user_id` int unsigned NOT NULL,
  `filename` varchar(255) CHARACTER SET utf8 COLLATE utf8_unicode_ci NOT NULL,
  `size` int NOT NULL,
  `metadata` json DEFAULT NULL,
  `media_type_id` int unsigned NOT NULL,
  `created_at` datetime DEFAULT CURRENT_TIMESTAMP,
  `updated_at` datetime DEFAULT CURRENT_TIMESTAMP ON UPDATE CURRENT_TIMESTAMP,
  PRIMARY KEY (`id`)
) ENGINE=InnoDB AUTO_INCREMENT=101 DEFAULT CHARSET=utf8 COLLATE=utf8_unicode_ci;
/*!40101 SET character_set_client = @saved_cs_client */;

--
-- Dumping data for table `media`
--

LOCK TABLES `media` WRITE;
/*!40000 ALTER TABLE `media` DISABLE KEYS */;
INSERT INTO `media` VALUES (1,53,'https://vk.gov/media/aliquid.png',83535184,'{\"owner\": \"Violet VonRueden\"}',3,'2019-12-20 21:23:18','2020-07-26 22:01:29'),(2,61,'https://vk.gov/media/sit.png',5345,'{\"owner\": \"Ollie Emmerich\"}',1,'2018-05-02 10:43:05','2020-07-26 22:01:29'),(3,1,'https://vk.gov/media/architecto.jpeg',858947318,'{\"owner\": \"Mabel Lueilwitz\"}',1,'2012-06-06 21:06:42','2020-07-26 22:01:29'),(4,34,'https://vk.gov/media/laboriosam.jpeg',107073,'{\"owner\": \"Riley Metz\"}',1,'2017-03-06 08:07:10','2020-07-26 22:01:29'),(5,3,'https://vk.gov/media/inventore.mp3',103381,'{\"owner\": \"Joana Reinger\"}',3,'2013-02-02 07:25:15','2020-07-26 22:01:29'),(6,91,'https://vk.gov/media/iste.mp3',2357,'{\"owner\": \"Brandyn Maggio\"}',1,'2019-07-31 00:26:13','2020-07-26 22:01:29'),(7,3,'https://vk.gov/media/sit.jpeg',85684,'{\"owner\": \"Joana Reinger\"}',4,'2015-12-03 02:59:02','2020-07-26 22:01:29'),(8,77,'https://vk.gov/media/molestias.png',66981,'{\"owner\": \"Laurianne Hane\"}',2,'2016-12-28 23:23:25','2020-07-26 22:01:29'),(9,93,'https://vk.gov/media/porro.mkv',3453,'{\"owner\": \"Devon Rohan\"}',4,'2012-03-24 12:32:29','2020-07-26 22:01:29'),(10,70,'https://vk.gov/media/qui.jpeg',98424542,'{\"owner\": \"Santa Stoltenberg\"}',4,'2016-03-30 03:20:57','2020-07-26 22:01:29'),(11,15,'https://vk.gov/media/in.jpeg',90958,'{\"owner\": \"Phyllis Hahn\"}',1,'2014-05-04 14:27:48','2020-07-26 22:01:29'),(12,2,'https://vk.gov/media/voluptas.jpeg',9960259,'{\"owner\": \"Assunta Streich\"}',4,'2017-09-02 07:48:31','2020-07-26 22:01:29'),(13,91,'https://vk.gov/media/in.jpeg',108278,'{\"owner\": \"Brandyn Maggio\"}',3,'2015-12-22 00:00:27','2020-07-26 22:01:29'),(14,63,'https://vk.gov/media/eos.png',74337,'{\"owner\": \"Brionna McDermott\"}',1,'2017-07-03 18:17:53','2020-07-26 22:01:29'),(15,28,'https://vk.gov/media/eos.mp3',36853,'{\"owner\": \"Tressie Bode\"}',3,'2014-10-18 07:54:57','2020-07-26 22:01:29'),(16,72,'https://vk.gov/media/dolores.png',19945725,'{\"owner\": \"Stewart Stanton\"}',3,'2020-01-03 02:48:25','2020-07-26 22:01:29'),(17,19,'https://vk.gov/media/sed.jpeg',451074464,'{\"owner\": \"Freda Medhurst\"}',4,'2020-03-16 04:54:08','2020-07-26 22:01:29'),(18,90,'https://vk.gov/media/vitae.jpeg',78558471,'{\"owner\": \"Mustafa Fahey\"}',1,'2014-11-02 00:41:27','2020-07-26 22:01:29'),(19,70,'https://vk.gov/media/quaerat.png',51255,'{\"owner\": \"Santa Stoltenberg\"}',3,'2018-04-16 16:39:58','2020-07-26 22:01:29'),(20,14,'https://vk.gov/media/qui.mp3',558789,'{\"owner\": \"Manuel Beier\"}',1,'2011-02-06 13:52:08','2020-07-26 22:01:29'),(21,14,'https://vk.gov/media/quo.avi',2826490,'{\"owner\": \"Manuel Beier\"}',3,'2012-11-22 23:49:03','2020-07-26 22:01:29'),(22,3,'https://vk.gov/media/architecto.jpeg',925318028,'{\"owner\": \"Joana Reinger\"}',1,'2019-07-30 14:21:10','2020-07-26 22:01:29'),(23,3,'https://vk.gov/media/magnam.mkv',893926,'{\"owner\": \"Joana Reinger\"}',4,'2011-09-06 20:17:17','2020-07-26 22:01:29'),(24,9,'https://vk.gov/media/itaque.avi',981944808,'{\"owner\": \"Malika Hauck\"}',4,'2014-05-26 13:54:26','2020-07-26 22:01:29'),(25,11,'https://vk.gov/media/quisquam.mp3',35714,'{\"owner\": \"Samara Funk\"}',3,'2019-07-15 04:53:35','2020-07-26 22:01:29'),(26,45,'https://vk.gov/media/nemo.avi',9450501,'{\"owner\": \"Alexys Pfeffer\"}',3,'2017-06-15 20:38:26','2020-07-26 22:01:29'),(27,19,'https://vk.gov/media/officia.mp3',14808,'{\"owner\": \"Freda Medhurst\"}',1,'2017-02-20 12:20:53','2020-07-26 22:01:29'),(28,78,'https://vk.gov/media/assumenda.png',56896,'{\"owner\": \"Adolfo Yost\"}',4,'2012-02-18 07:21:04','2020-07-26 22:01:29'),(29,94,'https://vk.gov/media/ipsum.mkv',30057,'{\"owner\": \"Christa Donnelly\"}',2,'2019-02-09 13:49:05','2020-07-26 22:01:29'),(30,70,'https://vk.gov/media/beatae.avi',1721110,'{\"owner\": \"Santa Stoltenberg\"}',4,'2012-04-24 03:40:28','2020-07-26 22:01:29'),(31,62,'https://vk.gov/media/minima.png',9416,'{\"owner\": \"Domenico Marvin\"}',3,'2016-12-23 08:46:54','2020-07-26 22:01:29'),(32,93,'https://vk.gov/media/at.mkv',7856311,'{\"owner\": \"Devon Rohan\"}',3,'2011-02-04 07:16:03','2020-07-26 22:01:29'),(33,48,'https://vk.gov/media/asperiores.jpeg',69597,'{\"owner\": \"Marielle Feest\"}',4,'2019-08-03 04:42:56','2020-07-26 22:01:29'),(34,70,'https://vk.gov/media/ut.mkv',47816,'{\"owner\": \"Santa Stoltenberg\"}',1,'2012-12-13 09:09:36','2020-07-26 22:01:29'),(35,75,'https://vk.gov/media/ex.jpeg',20287,'{\"owner\": \"Evelyn Considine\"}',2,'2020-05-16 19:35:25','2020-07-26 22:01:29'),(36,26,'https://vk.gov/media/aut.png',47988,'{\"owner\": \"Loyce Pouros\"}',2,'2018-11-07 14:05:34','2020-07-26 22:01:29'),(37,12,'https://vk.gov/media/voluptatem.png',85091300,'{\"owner\": \"Michel Miller\"}',1,'2014-10-15 08:48:41','2020-07-26 22:01:29'),(38,37,'https://vk.gov/media/aliquid.avi',67797,'{\"owner\": \"Paris Koss\"}',2,'2016-05-23 20:07:25','2020-07-26 22:01:29'),(39,34,'https://vk.gov/media/qui.mkv',40325,'{\"owner\": \"Riley Metz\"}',1,'2012-08-24 06:31:18','2020-07-26 22:01:29'),(40,9,'https://vk.gov/media/cum.mkv',69081,'{\"owner\": \"Malika Hauck\"}',4,'2016-03-31 22:19:28','2020-07-26 22:01:29'),(41,55,'https://vk.gov/media/minus.mkv',91439,'{\"owner\": \"Bianka Kshlerin\"}',2,'2019-04-04 12:01:04','2020-07-26 22:01:29'),(42,32,'https://vk.gov/media/numquam.jpeg',74633509,'{\"owner\": \"Monserrat Satterfield\"}',4,'2015-02-14 14:39:30','2020-07-26 22:01:29'),(43,68,'https://vk.gov/media/velit.mkv',863231928,'{\"owner\": \"Otis Jerde\"}',2,'2017-11-06 14:56:44','2020-07-26 22:01:29'),(44,45,'https://vk.gov/media/ut.avi',462844006,'{\"owner\": \"Alexys Pfeffer\"}',4,'2015-11-23 04:40:43','2020-07-26 22:01:29'),(45,25,'https://vk.gov/media/veritatis.jpeg',83734170,'{\"owner\": \"Terrence Braun\"}',2,'2017-05-08 03:02:17','2020-07-26 22:01:29'),(46,90,'https://vk.gov/media/dolorem.jpeg',39954,'{\"owner\": \"Mustafa Fahey\"}',3,'2012-05-23 00:22:49','2020-07-26 22:01:29'),(47,45,'https://vk.gov/media/beatae.png',15451,'{\"owner\": \"Alexys Pfeffer\"}',4,'2014-02-23 08:47:06','2020-07-26 22:01:29'),(48,96,'https://vk.gov/media/earum.png',47397,'{\"owner\": \"Curt Morar\"}',1,'2016-08-14 17:33:15','2020-07-26 22:01:29'),(49,92,'https://vk.gov/media/reprehenderit.png',841119,'{\"owner\": \"Joshua Erdman\"}',4,'2012-11-18 12:31:32','2020-07-26 22:01:29'),(50,29,'https://vk.gov/media/rerum.avi',80630,'{\"owner\": \"Shad Runolfsdottir\"}',1,'2012-06-10 10:39:56','2020-07-26 22:01:29'),(51,93,'https://vk.gov/media/similique.mp3',7016970,'{\"owner\": \"Devon Rohan\"}',3,'2016-09-10 23:14:15','2020-07-26 22:01:29'),(52,32,'https://vk.gov/media/vero.avi',89260131,'{\"owner\": \"Monserrat Satterfield\"}',4,'2016-11-16 21:53:43','2020-07-26 22:01:29'),(53,67,'https://vk.gov/media/nihil.jpeg',50960,'{\"owner\": \"Coy Rutherford\"}',3,'2019-01-09 04:55:09','2020-07-26 22:01:29'),(54,100,'https://vk.gov/media/rerum.mkv',102912,'{\"owner\": \"Mandy Bruen\"}',4,'2019-01-10 14:38:16','2020-07-26 22:01:29'),(55,53,'https://vk.gov/media/reprehenderit.png',6432540,'{\"owner\": \"Violet VonRueden\"}',3,'2015-03-11 21:11:46','2020-07-26 22:01:29'),(56,63,'https://vk.gov/media/quod.png',12785,'{\"owner\": \"Brionna McDermott\"}',2,'2013-08-01 12:03:14','2020-07-26 22:01:29'),(57,90,'https://vk.gov/media/sit.png',8979,'{\"owner\": \"Mustafa Fahey\"}',2,'2013-07-16 05:15:33','2020-07-26 22:01:29'),(58,98,'https://vk.gov/media/repudiandae.avi',778581262,'{\"owner\": \"Estevan Fisher\"}',3,'2010-11-26 09:10:13','2020-07-26 22:01:29'),(59,23,'https://vk.gov/media/et.png',51678,'{\"owner\": \"Brent Pagac\"}',4,'2013-10-06 21:49:05','2020-07-26 22:01:29'),(60,43,'https://vk.gov/media/provident.mkv',6538,'{\"owner\": \"Granville Berge\"}',1,'2020-04-18 16:10:55','2020-07-26 22:01:29'),(61,16,'https://vk.gov/media/voluptatibus.png',5929,'{\"owner\": \"Jessie Bartoletti\"}',1,'2019-05-14 14:39:02','2020-07-26 22:01:29'),(62,3,'https://vk.gov/media/non.avi',39655,'{\"owner\": \"Joana Reinger\"}',4,'2017-03-29 18:30:35','2020-07-26 22:01:29'),(63,43,'https://vk.gov/media/vel.jpeg',33242,'{\"owner\": \"Granville Berge\"}',4,'2012-06-10 10:41:12','2020-07-26 22:01:29'),(64,76,'https://vk.gov/media/ipsum.jpeg',2423424,'{\"owner\": \"Roosevelt Ward\"}',1,'2015-07-31 14:03:21','2020-07-26 22:01:29'),(65,70,'https://vk.gov/media/sunt.mkv',128237968,'{\"owner\": \"Santa Stoltenberg\"}',4,'2019-04-22 01:07:36','2020-07-26 22:01:29'),(66,32,'https://vk.gov/media/ab.avi',3170572,'{\"owner\": \"Monserrat Satterfield\"}',3,'2016-09-18 23:15:38','2020-07-26 22:01:29'),(67,82,'https://vk.gov/media/est.mkv',56154,'{\"owner\": \"Macy Corkery\"}',3,'2017-12-21 10:58:31','2020-07-26 22:01:29'),(68,44,'https://vk.gov/media/est.mp3',300166,'{\"owner\": \"Denis Langworth\"}',2,'2011-11-18 10:12:50','2020-07-26 22:01:29'),(69,80,'https://vk.gov/media/aspernatur.mp3',37244,'{\"owner\": \"Cristopher Schulist\"}',2,'2017-11-14 22:53:41','2020-07-26 22:01:29'),(70,37,'https://vk.gov/media/qui.mp3',2932863,'{\"owner\": \"Paris Koss\"}',1,'2012-05-20 10:00:38','2020-07-26 22:01:29'),(71,18,'https://vk.gov/media/illo.jpeg',76496,'{\"owner\": \"Letha Glover\"}',1,'2012-05-12 18:46:50','2020-07-26 22:01:29'),(72,44,'https://vk.gov/media/occaecati.png',4817,'{\"owner\": \"Denis Langworth\"}',3,'2013-09-28 13:59:05','2020-07-26 22:01:29'),(73,79,'https://vk.gov/media/et.jpeg',5831,'{\"owner\": \"Kelvin Kautzer\"}',1,'2015-04-24 13:03:54','2020-07-26 22:01:29'),(74,67,'https://vk.gov/media/est.jpeg',77774067,'{\"owner\": \"Coy Rutherford\"}',4,'2019-08-12 14:35:57','2020-07-26 22:01:29'),(75,10,'https://vk.gov/media/cupiditate.jpeg',346678622,'{\"owner\": \"Connie Zemlak\"}',2,'2011-06-20 12:21:52','2020-07-26 22:01:29'),(76,79,'https://vk.gov/media/vitae.mp3',60747,'{\"owner\": \"Kelvin Kautzer\"}',1,'2020-07-12 00:15:38','2020-07-26 22:01:29'),(77,73,'https://vk.gov/media/non.jpeg',2807297,'{\"owner\": \"Fred Schoen\"}',1,'2019-11-17 00:39:27','2020-07-26 22:01:29'),(78,34,'https://vk.gov/media/numquam.jpeg',64250,'{\"owner\": \"Riley Metz\"}',2,'2013-06-09 20:58:31','2020-07-26 22:01:29'),(79,79,'https://vk.gov/media/ratione.jpeg',90389,'{\"owner\": \"Kelvin Kautzer\"}',1,'2011-06-13 05:04:24','2020-07-26 22:01:29'),(80,14,'https://vk.gov/media/aut.jpeg',1418,'{\"owner\": \"Manuel Beier\"}',4,'2016-10-31 21:59:35','2020-07-26 22:01:29'),(81,24,'https://vk.gov/media/molestiae.mp3',29009,'{\"owner\": \"Kristian Nikolaus\"}',3,'2019-11-21 20:10:19','2020-07-26 22:01:29'),(82,27,'https://vk.gov/media/ipsum.mkv',7006,'{\"owner\": \"Kassandra Daniel\"}',3,'2013-05-28 03:16:21','2020-07-26 22:01:29'),(83,81,'https://vk.gov/media/impedit.jpeg',5598852,'{\"owner\": \"Kennedy Schowalter\"}',3,'2018-06-19 04:47:55','2020-07-26 22:01:29'),(84,23,'https://vk.gov/media/et.avi',4071,'{\"owner\": \"Brent Pagac\"}',4,'2012-02-20 05:35:46','2020-07-26 22:01:29'),(85,76,'https://vk.gov/media/est.avi',6585,'{\"owner\": \"Roosevelt Ward\"}',4,'2014-07-21 00:51:31','2020-07-26 22:01:29'),(86,28,'https://vk.gov/media/consectetur.avi',42296,'{\"owner\": \"Tressie Bode\"}',3,'2011-06-25 02:56:16','2020-07-26 22:01:29'),(87,15,'https://vk.gov/media/praesentium.avi',1607888,'{\"owner\": \"Phyllis Hahn\"}',2,'2018-08-17 06:26:27','2020-07-26 22:01:29'),(88,23,'https://vk.gov/media/est.mp3',957053,'{\"owner\": \"Brent Pagac\"}',3,'2011-01-03 19:29:42','2020-07-26 22:01:29'),(89,48,'https://vk.gov/media/dolores.jpeg',842453,'{\"owner\": \"Marielle Feest\"}',1,'2020-02-23 00:05:01','2020-07-26 22:01:29'),(90,64,'https://vk.gov/media/eveniet.mkv',82184945,'{\"owner\": \"Deven Roob\"}',3,'2011-04-18 20:54:55','2020-07-26 22:01:29'),(91,63,'https://vk.gov/media/deserunt.mkv',14453,'{\"owner\": \"Brionna McDermott\"}',1,'2015-12-28 09:54:00','2020-07-26 22:01:29'),(92,26,'https://vk.gov/media/alias.jpeg',35378,'{\"owner\": \"Loyce Pouros\"}',1,'2014-08-17 19:00:55','2020-07-26 22:01:29'),(93,84,'https://vk.gov/media/reprehenderit.png',23530,'{\"owner\": \"Colin Quitzon\"}',1,'2020-03-13 11:07:44','2020-07-26 22:01:29'),(94,28,'https://vk.gov/media/culpa.mp3',457414,'{\"owner\": \"Tressie Bode\"}',2,'2016-03-13 11:43:20','2020-07-26 22:01:29'),(95,66,'https://vk.gov/media/nam.mp3',101515,'{\"owner\": \"Kiera Willms\"}',3,'2016-12-14 17:09:29','2020-07-26 22:01:29'),(96,7,'https://vk.gov/media/recusandae.avi',568902,'{\"owner\": \"Pink Treutel\"}',1,'2011-12-14 03:17:42','2020-07-26 22:01:29'),(97,39,'https://vk.gov/media/voluptatem.avi',26989,'{\"owner\": \"Donnell Marks\"}',1,'2011-03-10 03:51:46','2020-07-26 22:01:29'),(98,21,'https://vk.gov/media/corrupti.jpeg',783817,'{\"owner\": \"Kristoffer Beer\"}',3,'2013-04-05 22:43:46','2020-07-26 22:01:29'),(99,69,'https://vk.gov/media/error.jpeg',413599,'{\"owner\": \"Jane Cronin\"}',1,'2011-07-31 08:07:13','2020-07-26 22:01:29'),(100,53,'https://vk.gov/media/et.mkv',2210,'{\"owner\": \"Violet VonRueden\"}',1,'2017-01-29 12:51:34','2020-07-26 22:01:29');
/*!40000 ALTER TABLE `media` ENABLE KEYS */;
UNLOCK TABLES;

--
-- Table structure for table `media_types`
--

DROP TABLE IF EXISTS `media_types`;
/*!40101 SET @saved_cs_client     = @@character_set_client */;
/*!50503 SET character_set_client = utf8mb4 */;
CREATE TABLE `media_types` (
  `id` int unsigned NOT NULL AUTO_INCREMENT COMMENT 'Идентификатор строки',
  `name` varchar(255) CHARACTER SET utf8 COLLATE utf8_unicode_ci NOT NULL COMMENT 'Название типа',
  `created_at` datetime DEFAULT CURRENT_TIMESTAMP COMMENT 'Время создания строки',
  PRIMARY KEY (`id`),
  UNIQUE KEY `name` (`name`)
) ENGINE=InnoDB AUTO_INCREMENT=5 DEFAULT CHARSET=utf8 COLLATE=utf8_unicode_ci COMMENT='Типы медиафайлов';
/*!40101 SET character_set_client = @saved_cs_client */;

--
-- Dumping data for table `media_types`
--

LOCK TABLES `media_types` WRITE;
/*!40000 ALTER TABLE `media_types` DISABLE KEYS */;
INSERT INTO `media_types` VALUES (1,'photo','2020-07-26 21:40:21'),(2,'video','2020-07-26 21:40:21'),(3,'audio','2020-07-26 21:40:21'),(4,'other','2020-07-26 21:40:21');
/*!40000 ALTER TABLE `media_types` ENABLE KEYS */;
UNLOCK TABLES;

--
-- Table structure for table `messages`
--

DROP TABLE IF EXISTS `messages`;
/*!40101 SET @saved_cs_client     = @@character_set_client */;
/*!50503 SET character_set_client = utf8mb4 */;
CREATE TABLE `messages` (
  `id` int unsigned NOT NULL AUTO_INCREMENT COMMENT 'Идентификатор строки',
  `from_user_id` int unsigned NOT NULL COMMENT 'Ссылка на отправителя сообщения',
  `to_user_id` int unsigned NOT NULL COMMENT 'Ссылка на получателя сообщения',
  `body` text CHARACTER SET utf8 COLLATE utf8_unicode_ci NOT NULL COMMENT 'Текст сообщения',
  `is_important` tinyint(1) DEFAULT NULL COMMENT 'Признак важности',
  `is_delivered` tinyint(1) DEFAULT NULL COMMENT 'Признак доставки',
  `is_modified` tinyint(1) DEFAULT NULL,
  `created_at` datetime DEFAULT CURRENT_TIMESTAMP COMMENT 'Время создания строки',
  `updated_at` datetime DEFAULT CURRENT_TIMESTAMP ON UPDATE CURRENT_TIMESTAMP COMMENT 'Время обновления строки',
  PRIMARY KEY (`id`)
) ENGINE=InnoDB AUTO_INCREMENT=101 DEFAULT CHARSET=utf8 COLLATE=utf8_unicode_ci COMMENT='Сообщения';
/*!40101 SET character_set_client = @saved_cs_client */;

--
-- Dumping data for table `messages`
--

LOCK TABLES `messages` WRITE;
/*!40000 ALTER TABLE `messages` DISABLE KEYS */;
INSERT INTO `messages` VALUES (1,78,92,'Deleniti minus cumque et quod fugit accusamus. Pariatur ut aliquid eligendi laboriosam. Nobis reprehenderit tempora et doloribus consequuntur nam temporibus facilis. Dolor temporibus iure repellendus omnis dicta fugit.',0,0,0,'2019-09-10 04:50:41','2020-07-26 21:27:02'),(2,31,43,'Totam delectus ut nesciunt qui qui ut iusto. Sint vel qui natus itaque illum quo quaerat. Praesentium enim sed temporibus voluptatem consequuntur sint. Ut laborum ea illum culpa sed.',1,1,1,'2000-07-02 20:29:57','2020-07-26 21:27:02'),(3,38,87,'Esse quo atque occaecati autem et. Assumenda molestias eum quo minus sint esse. Ut quasi culpa ut facere. Beatae atque corporis in non.',0,0,1,'1994-04-10 09:40:38','2020-07-26 21:27:02'),(4,73,83,'Voluptatem ut qui ullam possimus quas similique. Et nostrum veniam quaerat vitae nobis quae. Eos et laboriosam sunt laudantium ducimus et quasi omnis.',1,0,1,'2018-07-03 07:44:47','2020-07-26 21:27:02'),(5,12,8,'Veritatis nulla omnis porro omnis est. Sunt provident dignissimos tempora rerum quasi distinctio repellendus. Ducimus ut consequatur facere consectetur repellendus. Omnis dolorum corporis dolor et. Exercitationem fuga magni est maiores.',0,0,1,'2006-02-14 14:03:34','2020-07-26 21:27:02'),(6,86,7,'Et rem et unde eum. Iusto quo vel beatae magni ut exercitationem. Voluptatem ad ut similique et.',0,1,0,'2010-12-13 10:50:02','2020-07-26 21:27:02'),(7,95,81,'Est ut est saepe laborum. Et ut velit veritatis non rerum laboriosam fugiat at. Eum reiciendis illum cupiditate voluptates laudantium labore et.',0,0,1,'2001-02-25 02:38:56','2020-07-26 21:27:02'),(8,19,43,'Veritatis et nobis nostrum eos et. Delectus ut autem quia ex blanditiis et minus. Rerum ut sint neque sit error quia. Voluptatum qui earum non qui sint a modi qui.',1,0,1,'1997-09-19 23:42:04','2020-07-26 21:27:02'),(9,75,27,'Soluta voluptatem modi ut cum sit illo sapiente temporibus. Impedit voluptatem voluptatem dolorem aliquid molestias consequatur et aut. Dolor est voluptas et rerum praesentium quod. Nobis deserunt ut voluptate hic. Nesciunt harum eum minus qui.',1,1,0,'2020-07-13 02:26:01','2020-07-26 21:27:02'),(10,24,65,'Quia id et ut est placeat consequatur velit. Velit sint minus explicabo laborum quos. Non at autem quam quos.',0,0,0,'2000-02-02 22:25:52','2020-07-26 21:27:02'),(11,87,24,'Quia in explicabo et cumque a. Inventore molestiae tempora illum dolorem velit tenetur natus eos. Nobis quia qui laborum harum et.',0,0,0,'2007-10-17 14:02:52','2020-07-26 21:27:02'),(12,35,90,'Aspernatur id facilis tempore necessitatibus exercitationem. Nemo excepturi unde nisi vero delectus quia voluptatum. Et repellendus quia soluta voluptates nobis omnis laboriosam. Dignissimos officiis cupiditate dolorem. Saepe nemo asperiores qui ut rerum.',0,1,0,'1987-04-20 02:36:31','2020-07-26 21:27:02'),(13,88,8,'Laboriosam ullam sequi eum voluptatem. Qui incidunt dignissimos error delectus. Labore est iure consequatur sit fugit. Recusandae at sequi distinctio accusantium voluptatem magni.',0,0,0,'2017-04-30 06:04:07','2020-07-26 21:27:02'),(14,68,23,'Eaque impedit expedita aut atque non at. Sapiente rem nihil harum explicabo ut. Quas hic ullam fugiat ad.',0,1,0,'2020-01-15 04:12:33','2020-07-26 21:27:02'),(15,43,22,'Placeat provident atque repellendus quis voluptatem ex. Excepturi aut blanditiis esse ex. Nulla deleniti quasi omnis enim. Qui nulla consequuntur voluptate facilis at.',1,0,0,'1985-03-23 04:34:08','2020-07-26 21:27:02'),(16,83,20,'Ut pariatur libero qui dolores voluptate aliquam. Maxime quisquam enim delectus. Autem totam eos dicta. Delectus nemo inventore enim non quaerat.',0,1,0,'2018-05-16 08:46:33','2020-07-26 21:27:02'),(17,14,13,'Sunt nobis alias deleniti. Veritatis sapiente deleniti dignissimos nihil nihil repellendus et. Cumque sit cumque asperiores quam ducimus maxime. Distinctio deserunt vel velit iusto nihil aut natus.',0,0,0,'1994-05-14 15:55:50','2020-07-26 21:27:02'),(18,63,52,'Eius labore dolores aut perferendis id quibusdam labore qui. Voluptatibus quia vitae repudiandae soluta aut labore ducimus culpa. Nobis et quisquam illo ducimus repellat est sit.',1,1,1,'1988-10-26 21:05:39','2020-07-26 21:27:02'),(19,99,36,'Ducimus vero et voluptatum ipsam minus rerum distinctio natus. Est quod voluptatum dolores eaque dolore nihil tempore. Aliquam delectus consequatur ut nihil. Dolor eligendi quidem accusamus aut voluptatem eveniet in.',0,0,0,'1981-09-12 07:33:48','2020-07-26 21:27:02'),(20,34,11,'Eligendi error dolore sit iste. Nostrum voluptas ullam aspernatur. Molestias dolore et nemo sint explicabo dolor est autem. Assumenda porro facilis maiores natus et autem.',1,0,1,'2016-04-23 02:42:25','2020-07-26 21:27:02'),(21,44,19,'Possimus neque quia ipsam harum. Laudantium est velit tenetur ea id corporis. A repellat accusamus aliquam ea.',1,0,0,'1974-12-21 06:12:18','2020-07-26 21:27:02'),(22,17,39,'Quaerat nisi reprehenderit voluptatem et tempore laudantium. Molestias odit sequi eius qui.',1,1,1,'2010-10-18 19:18:02','2020-07-26 21:27:02'),(23,100,35,'Nostrum ab ratione necessitatibus non sint nihil. Itaque non nostrum non mollitia quod autem temporibus iste. Explicabo explicabo hic veniam aperiam voluptatem dolorem qui.',1,1,1,'2007-03-11 15:04:41','2020-07-26 21:27:02'),(24,81,74,'Reprehenderit velit neque nulla aperiam. Eaque et modi minus itaque nihil. Ea blanditiis repudiandae blanditiis velit dolor necessitatibus. Laborum eos a placeat neque in voluptatem reiciendis et.',0,1,0,'1987-03-18 13:33:33','2020-07-26 21:27:02'),(25,62,5,'Debitis est sunt sunt molestiae culpa. Voluptatem voluptatem impedit quis qui cupiditate reprehenderit.',1,0,0,'1998-09-18 02:26:23','2020-07-26 21:27:02'),(26,39,48,'Est nobis eum consequatur porro incidunt omnis laboriosam necessitatibus. Mollitia quasi cum sed aut quis laboriosam in. Voluptatem ullam eligendi et dolorum sed officiis facere. Deleniti qui quia quisquam et.',0,0,1,'2009-07-02 13:08:53','2020-07-26 21:27:02'),(27,28,73,'Velit quia error est illo excepturi voluptas. Et autem molestias nobis asperiores ut nihil laborum aliquam. Saepe eius assumenda id. Suscipit deserunt qui quibusdam necessitatibus dolor velit distinctio est.',0,0,1,'1980-06-13 06:01:41','2020-07-26 21:27:02'),(28,37,16,'Officiis nostrum consequatur quidem iusto. Praesentium magnam rerum consequatur omnis magnam at.',0,1,0,'1987-09-21 01:48:59','2020-07-26 21:27:02'),(29,81,5,'Itaque ad dolores nulla at et eius. Fuga voluptatum exercitationem in doloribus consequatur voluptatum est nihil. Nobis molestias qui maxime similique omnis. Eius fugiat quis deserunt ut accusantium fuga.',0,1,1,'1977-01-29 20:23:47','2020-07-26 21:27:02'),(30,38,23,'Voluptas consequatur voluptate autem nesciunt recusandae dolorem molestiae. Aperiam ratione atque deleniti vero velit quidem iure ut.',0,0,1,'1990-06-17 09:27:42','2020-07-26 21:27:02'),(31,27,20,'Est recusandae eveniet in. Est in quaerat vel voluptates. Aut sit earum reprehenderit error voluptates ducimus. Optio ullam repellat ullam autem debitis expedita.',1,1,1,'1998-03-19 20:25:44','2020-07-26 21:27:02'),(32,43,40,'Numquam suscipit eius magni provident et fugiat. Saepe nulla quia at. Dolores a voluptas consectetur.',0,1,0,'1986-04-17 07:16:50','2020-07-26 21:27:02'),(33,33,5,'In consequatur vero eos est atque consequatur. Ut expedita est iure est architecto. Autem quidem aut voluptas aliquam sunt. Non nesciunt dolorem voluptatum esse sint dicta.',1,1,0,'1988-11-08 18:44:25','2020-07-26 21:27:02'),(34,91,32,'Et in quibusdam eos qui aliquid consequatur. Quia similique nesciunt temporibus sed.',0,0,1,'1970-04-03 16:38:03','2020-07-26 21:27:02'),(35,41,25,'Dignissimos et est eligendi sint dolor ipsam. Aut nihil velit aliquam esse. Excepturi sint temporibus sit sapiente voluptate. Nulla tempora veniam autem adipisci et voluptate modi. Eum commodi odio nobis et et quaerat eligendi.',1,1,1,'1979-04-18 05:53:35','2020-07-26 21:27:02'),(36,42,84,'Tempora et neque perferendis quis. Excepturi occaecati sed enim nesciunt quam cum totam aut.',0,0,1,'2014-09-08 19:10:44','2020-07-26 21:27:02'),(37,44,58,'Voluptatibus architecto quidem accusantium quam. Aut debitis aliquid quam quis autem voluptatem non. Autem pariatur nihil accusantium optio inventore pariatur tempora.',0,0,0,'1983-10-01 03:14:38','2020-07-26 21:27:02'),(38,22,43,'Aut consequatur vel accusamus ullam. Et ut consequuntur at doloremque. Architecto sit mollitia molestias explicabo incidunt eum harum in. Illo voluptatibus expedita est. Sed voluptatum perferendis assumenda mollitia quibusdam qui.',1,1,1,'2018-07-03 08:01:13','2020-07-26 21:27:02'),(39,92,3,'Quasi sint magni dolores nostrum numquam autem. Et voluptatibus rerum in qui sed molestiae ad voluptatem.',1,0,0,'1994-10-16 20:04:21','2020-07-26 21:27:02'),(40,17,53,'At dolores saepe tenetur quia. Magni ipsa labore laborum eos quaerat autem. Facere tenetur consequuntur id nobis.',0,0,0,'1992-11-05 05:40:29','2020-07-26 21:27:02'),(41,7,55,'Vel maxime ipsa temporibus voluptatum laboriosam. Harum optio ut aliquam autem fuga ut tempora. Eaque ut vel magnam omnis eos minima. Culpa vero voluptatem magnam officia placeat accusantium dicta eos.',0,1,1,'1971-07-17 13:48:44','2020-07-26 21:27:02'),(42,1,34,'Omnis cumque suscipit ut. Labore nihil suscipit harum qui et in libero aut. Aut eius architecto itaque quibusdam labore et possimus. Unde facilis voluptatem sit occaecati neque dolores nobis.',1,1,0,'1997-11-26 05:11:53','2020-07-26 21:27:02'),(43,28,38,'Ullam labore omnis quis possimus ex tempore quia. Debitis odio repellat et cumque odit aut.',1,1,1,'2000-08-04 12:54:46','2020-07-26 21:27:02'),(44,49,8,'In dicta consequatur inventore ab qui. Illum tempore ut aut temporibus vel nam exercitationem. Repellat perferendis exercitationem sint officiis ducimus nihil. Veritatis velit reiciendis ut accusantium sapiente quae.',0,0,1,'1970-04-10 05:21:22','2020-07-26 21:27:02'),(45,43,87,'Fugit laboriosam culpa nam quis voluptatibus. Rem omnis et dolor tempora perspiciatis. Dicta maiores quia fuga occaecati optio distinctio animi. Aut eius alias rerum rerum quia.',0,1,1,'1992-06-27 12:19:22','2020-07-26 21:27:02'),(46,30,69,'Nam voluptatibus deleniti nesciunt aut dolorum eius voluptas. Qui placeat itaque omnis atque. Tempora nostrum hic rem et reiciendis quam. Sed molestiae nobis eos aut.',0,1,1,'1973-03-22 11:01:50','2020-07-26 21:27:02'),(47,7,73,'Ea minima reiciendis laborum iste harum voluptas. Quos illo qui facere aliquid rem consectetur. Ea atque cumque velit magnam incidunt illum non. Assumenda nisi ipsam molestiae veniam sint in rerum.',0,1,0,'1975-09-17 11:13:35','2020-07-26 21:27:02'),(48,9,39,'Nostrum voluptates illum temporibus a sed quia. Rerum nobis quidem eaque aliquid rerum. Maxime in nemo impedit aperiam. Fugiat laudantium iure quas ducimus expedita amet.',1,0,1,'2004-04-27 15:14:17','2020-07-26 21:27:02'),(49,77,100,'Incidunt cumque quis quidem tempora. Nostrum dolorum quidem iure qui cum. Eum officiis velit molestiae exercitationem harum assumenda quae.',0,1,1,'1995-03-28 09:33:31','2020-07-26 21:27:02'),(50,70,17,'Eligendi distinctio suscipit in qui hic nihil velit. Hic nostrum quam fuga quam laboriosam facilis. Incidunt deserunt molestiae dolorem consequatur et sint voluptatem. Est qui non et commodi est dolorum est qui. Amet vero et officiis aliquid nulla sunt repellendus.',0,1,0,'1984-05-29 11:05:11','2020-07-26 21:27:02'),(51,24,11,'Error in recusandae assumenda sed voluptatum. Earum corporis illo sapiente. Corporis distinctio et debitis.',1,1,1,'2017-04-07 12:06:46','2020-07-26 21:27:02'),(52,1,68,'Aspernatur quis quisquam voluptates cupiditate. Qui architecto et voluptas optio consequatur. Id eaque est quam explicabo quas. Repudiandae quia veritatis expedita sed aut provident.',1,0,0,'1997-01-07 12:14:03','2020-07-26 21:27:02'),(53,68,22,'Ex beatae saepe velit quidem. Vitae pariatur aut rem pariatur est voluptatum. Est dolores ut harum suscipit.',1,0,1,'2018-07-03 12:45:29','2020-07-26 21:27:02'),(54,10,60,'Aliquam accusamus et molestiae rerum expedita voluptas impedit. Commodi nobis et qui. Ullam repellat aut omnis. Voluptatem pariatur dolorem accusamus recusandae inventore et accusamus.',0,1,0,'1973-08-25 15:24:55','2020-07-26 21:27:02'),(55,25,27,'Qui a similique autem sit. Molestias quis impedit distinctio consequuntur velit minus. Ut consectetur esse exercitationem.',1,0,0,'2016-08-04 20:01:35','2020-07-26 21:27:02'),(56,13,31,'Id reiciendis quia eaque modi dolorum. Et rerum neque esse dolore laborum. Omnis quae non sunt quasi qui voluptas soluta. Id enim enim exercitationem dolores praesentium molestiae et.',0,0,1,'1993-03-23 22:04:37','2020-07-26 21:27:02'),(57,81,14,'Voluptatem architecto qui doloribus dolorum. Et voluptatem consequatur ut dicta qui est nam. Totam mollitia et laboriosam nisi enim adipisci.',1,1,1,'1972-04-10 01:12:58','2020-07-26 21:27:02'),(58,65,8,'Rerum veritatis ut nihil sunt suscipit fugiat. Harum libero nemo repellat libero in aut officia. Rerum asperiores dignissimos quis nihil. Voluptatem similique voluptatem earum ipsam consequatur quis.',0,1,1,'1975-04-28 21:02:40','2020-07-26 21:27:02'),(59,51,14,'Nihil accusantium aliquid et aperiam non quam et. Aut ullam at facere voluptatem libero. Consequuntur quisquam sequi omnis voluptas. Et esse voluptas sunt blanditiis aut.',0,1,1,'2013-12-17 05:59:43','2020-07-26 21:27:02'),(60,16,93,'Odio ad molestias qui est. Illo maxime qui eum culpa ut laudantium aliquam. Vero aspernatur atque a fuga amet ab unde. Soluta qui pariatur ut.',0,0,0,'1988-04-27 09:11:03','2020-07-26 21:27:02'),(61,100,46,'Deserunt omnis laborum voluptatem nostrum et est. Ab fugit et quibusdam aliquam iste doloribus doloribus.',0,1,1,'1971-05-23 13:09:29','2020-07-26 21:27:02'),(62,62,6,'Ea et doloribus et. Nam sed molestiae eum blanditiis libero nam adipisci. Voluptatem id nostrum et provident. Id corporis odit labore vitae nihil modi similique.',1,0,0,'1991-04-24 10:26:03','2020-07-26 21:27:02'),(63,18,70,'Dignissimos omnis necessitatibus ut doloribus. Ea id rerum commodi possimus iste molestiae. Pariatur accusantium incidunt et. Non maiores aut eius minima ex eum eveniet.',0,0,0,'1997-03-26 10:29:04','2020-07-26 21:27:02'),(64,45,95,'Sint temporibus minus iusto provident numquam praesentium. Eos expedita dolorem impedit et.',1,0,0,'2005-09-28 14:57:25','2020-07-26 21:27:02'),(65,69,14,'Est dolor rem nisi voluptates alias et. Nam impedit qui odit adipisci et eius ab. Maiores qui in ex recusandae. Consectetur magnam aperiam dolores fugiat a quo temporibus tempore.',0,0,1,'1980-06-25 15:36:17','2020-07-26 21:27:02'),(66,11,93,'Unde nostrum eos fuga praesentium magni corrupti. Omnis sunt quia atque. Voluptates temporibus ipsa et dicta dolore. Rerum voluptas alias unde deserunt optio quis omnis. Recusandae quam quia sint delectus soluta vitae voluptatum est.',1,1,0,'1991-06-08 15:29:05','2020-07-26 21:27:02'),(67,25,12,'Vero itaque eaque iure ut. Dolores id ratione consequatur repellendus odit perferendis voluptatem. Perferendis animi cupiditate sequi fuga. Dignissimos aut dolore vel aliquid.',1,1,1,'2006-12-08 07:05:01','2020-07-26 21:27:02'),(68,60,93,'Eveniet expedita et molestiae nulla aut iure temporibus. Maxime pariatur impedit sequi et doloribus voluptatum voluptas. At quidem veniam ex voluptate aperiam nostrum sed.',0,0,0,'1989-04-21 02:13:32','2020-07-26 21:27:02'),(69,34,70,'Vitae veniam veniam omnis accusantium. Et nesciunt laboriosam quibusdam voluptatibus aut reiciendis laborum odit. Nisi maxime dolorem minima deserunt quaerat sequi totam eos.',1,1,0,'2018-06-04 12:59:24','2020-07-26 21:27:02'),(70,53,58,'Quisquam est dolores vel. Omnis quia ab possimus magni omnis qui ratione. Sit saepe maiores ab ducimus ut vel ut.',0,0,0,'1993-08-26 23:33:57','2020-07-26 21:27:02'),(71,96,66,'Enim nihil libero blanditiis repellat. Accusamus labore possimus dolores totam qui. Iste aliquid velit dolores velit dolor corrupti. Quis et repellat quaerat aspernatur magnam facilis magnam.',1,1,1,'2004-03-15 14:13:23','2020-07-26 21:27:02'),(72,88,77,'Autem vero quis cumque deleniti id esse optio ea. Neque doloremque quidem praesentium. Quidem et rerum et.',1,1,1,'2018-10-26 15:42:21','2020-07-26 21:27:02'),(73,79,52,'Impedit et deleniti tempore atque consequuntur minima. Animi id et quod et. Architecto autem enim aut suscipit reprehenderit eum vel.',1,0,0,'1975-02-16 07:21:13','2020-07-26 21:27:02'),(74,85,30,'Omnis dolorum corporis excepturi aut libero. Error ad sit voluptates nisi itaque ut et.',1,0,1,'1981-10-09 01:23:21','2020-07-26 21:27:02'),(75,66,100,'Amet dolore laborum mollitia ea illo aspernatur. Accusamus ut quis eos expedita nihil cumque. Blanditiis occaecati quod maxime. Architecto delectus magnam mollitia placeat omnis inventore.',1,1,1,'2018-09-15 05:27:40','2020-07-26 21:27:02'),(76,22,65,'Exercitationem modi voluptatum molestiae nam est. Architecto occaecati aut at. Earum molestiae occaecati velit sunt animi nesciunt. Amet inventore eaque dolores fugiat eius sit reprehenderit. Omnis sapiente distinctio fuga error doloremque.',0,0,0,'1997-11-06 20:37:34','2020-07-26 21:27:02'),(77,45,83,'Pariatur beatae sit voluptatum sed. Delectus praesentium reiciendis sunt. Ullam libero eos rerum. Incidunt ut adipisci molestiae officia.',0,1,1,'1980-05-19 17:56:28','2020-07-26 21:27:02'),(78,71,62,'Eligendi exercitationem tenetur eligendi. Et rerum quis vero dolorem nostrum magnam. Quam aut ratione sint blanditiis unde sit. Aut aut laudantium magnam minus mollitia non velit.',1,0,0,'1971-11-19 04:53:01','2020-07-26 21:27:02'),(79,53,16,'Sunt quia molestiae ea adipisci voluptas et est. Ab doloribus ut non dolorem corrupti suscipit. Sit repellendus porro delectus.',1,1,0,'1974-11-23 05:40:37','2020-07-26 21:27:02'),(80,56,21,'Fuga hic repudiandae aut repellendus modi non illum. Vel fugit dolor ea provident incidunt nemo.',1,0,1,'1980-10-29 06:45:11','2020-07-26 21:27:02'),(81,30,67,'Molestiae ipsa vero nobis voluptatem libero vel ex. Nam qui ipsum esse. Est ut recusandae quibusdam nam similique praesentium reprehenderit. Consequuntur dolorem voluptatibus minima nemo provident.',1,0,1,'1988-07-14 22:45:56','2020-07-26 21:27:02'),(82,14,54,'A eum eos velit. Magnam fugiat sapiente officia nemo dolorem. Eaque ut iste reprehenderit deserunt molestiae quia.',1,1,0,'2015-11-21 23:35:29','2020-07-26 21:27:02'),(83,78,73,'Qui accusantium perspiciatis vitae minima nemo. Vero corrupti mollitia pariatur in voluptas corrupti quam. Et ut saepe qui. Magnam maiores atque sunt ut excepturi.',1,1,1,'2001-06-18 03:10:39','2020-07-26 21:27:02'),(84,47,11,'Qui quia facilis occaecati et. Deserunt totam delectus magnam. Itaque explicabo minima qui quae eligendi repellendus adipisci.',1,1,0,'2006-04-13 01:46:36','2020-07-26 21:27:02'),(85,43,99,'Quam ut eum quia dolore et. Odio quis in sed est assumenda. Id sed commodi totam velit voluptatem debitis. Nisi ea id et aut laborum necessitatibus fugiat.',0,0,1,'2019-01-16 16:11:38','2020-07-26 21:27:02'),(86,69,38,'Ab officia quia rerum ratione vitae. Dolorem praesentium et a omnis. Doloremque id qui quo voluptas. Sed voluptas dolores sunt voluptate. Earum nisi dolor ut molestiae quis quasi.',0,0,0,'1997-07-14 23:06:52','2020-07-26 21:27:02'),(87,64,56,'Sed quibusdam velit et quia illo. Eos itaque incidunt ut eius ad nemo molestiae. Quibusdam dignissimos id harum voluptatem repellat nemo reiciendis impedit.',0,1,1,'1984-06-29 21:40:25','2020-07-26 21:27:02'),(88,15,42,'Autem voluptatum et nisi perferendis incidunt in distinctio dignissimos. Sequi pariatur voluptatem enim quibusdam. Earum sed animi quia dolores ut ea eligendi.',0,0,0,'2005-02-21 04:41:24','2020-07-26 21:27:02'),(89,8,99,'Officiis ducimus iure maiores labore incidunt enim. Ea itaque magnam dolor. Aut nulla mollitia odit accusamus.',0,1,0,'1982-01-25 10:25:40','2020-07-26 21:27:02'),(90,71,73,'Dicta voluptatibus veritatis officiis qui. Saepe et illo molestiae beatae dicta. Laudantium doloremque voluptate impedit et.',1,0,0,'2014-09-07 19:57:13','2020-07-26 21:27:02'),(91,99,93,'Sit sit quasi dolorem beatae. Dolorem non itaque deleniti et ipsum. Eveniet ipsam aut earum atque ea sunt. In vero eum voluptatem harum sapiente.',1,1,1,'1978-11-06 02:12:10','2020-07-26 21:27:02'),(92,38,43,'Ex aliquam voluptatum dolor et. Ex excepturi deleniti ut optio qui. Corrupti delectus cupiditate nihil.',0,1,1,'2000-12-24 17:43:28','2020-07-26 21:27:02'),(93,76,9,'Autem voluptatibus id soluta eaque eos omnis voluptates. Dicta et optio debitis architecto.',0,1,0,'1986-04-05 13:21:10','2020-07-26 21:27:02'),(94,5,28,'Cum qui deserunt tempore et. Assumenda laboriosam voluptas est voluptas. Iusto dolores provident qui ut.',1,1,0,'1994-05-11 01:42:03','2020-07-26 21:27:02'),(95,24,61,'Corporis doloribus minima illo tenetur. Dolores perferendis eum eum ad hic saepe ex. Et aut id reiciendis illo ut fugit. Culpa expedita modi inventore provident aspernatur voluptatem.',0,0,1,'1995-07-12 20:01:51','2020-07-26 21:27:02'),(96,49,53,'Nobis alias dolores dolor omnis iusto iusto. Ullam quia tenetur odit eaque. Numquam magnam consectetur maiores omnis ut quia. Facere itaque culpa atque asperiores earum.',0,1,1,'2000-02-29 19:50:49','2020-07-26 21:27:02'),(97,28,62,'Ut possimus aliquid deleniti cum enim quam beatae. Dolorem consectetur quaerat saepe aut. Quasi est sunt laboriosam enim nesciunt quos officiis. Hic rerum iste illo aut non est.',0,1,0,'2017-04-10 13:14:04','2020-07-26 21:27:02'),(98,6,6,'Quo nihil sit sequi eum eveniet placeat labore. Eos iusto tempora dolores et adipisci. Harum pariatur nisi non dolor quia omnis error accusamus. Ullam eaque amet voluptatum nesciunt. Qui quae eveniet quibusdam dolore saepe facere.',0,0,1,'1989-10-04 14:11:10','2020-07-26 21:27:02'),(99,35,52,'Excepturi illum magni et sed. Tempora commodi quibusdam doloribus. Eligendi animi autem qui a. Perspiciatis et architecto nostrum magni.',0,1,0,'1983-08-08 02:58:24','2020-07-26 21:27:02'),(100,17,78,'Ab saepe voluptate suscipit qui veniam omnis reprehenderit. Eos deserunt enim aut voluptatem est facilis delectus. Numquam est ex fuga iusto doloremque excepturi eum. Ullam eius voluptate eius earum.',1,0,0,'1988-08-09 04:18:31','2020-07-26 21:27:02');
/*!40000 ALTER TABLE `messages` ENABLE KEYS */;
UNLOCK TABLES;

--
-- Table structure for table `profiles`
--

DROP TABLE IF EXISTS `profiles`;
/*!40101 SET @saved_cs_client     = @@character_set_client */;
/*!50503 SET character_set_client = utf8mb4 */;
CREATE TABLE `profiles` (
  `user_id` int unsigned NOT NULL COMMENT 'Ссылка на пользователя',
  `gender` char(1) CHARACTER SET utf8 COLLATE utf8_unicode_ci NOT NULL COMMENT 'Пол',
  `birthday` date DEFAULT NULL COMMENT 'Дата рождения',
  `photo_id` int unsigned DEFAULT NULL COMMENT 'Ссылка на основную фотографию пользователя',
  `city` varchar(130) CHARACTER SET utf8 COLLATE utf8_unicode_ci DEFAULT NULL COMMENT 'Город проживания',
  `country` varchar(130) CHARACTER SET utf8 COLLATE utf8_unicode_ci DEFAULT NULL COMMENT 'Страна проживания',
  `updated_at` datetime DEFAULT CURRENT_TIMESTAMP ON UPDATE CURRENT_TIMESTAMP COMMENT 'Время обновления строки',
  PRIMARY KEY (`user_id`)
) ENGINE=InnoDB DEFAULT CHARSET=utf8 COLLATE=utf8_unicode_ci COMMENT='Профили';
/*!40101 SET character_set_client = @saved_cs_client */;

--
-- Dumping data for table `profiles`
--

LOCK TABLES `profiles` WRITE;
/*!40000 ALTER TABLE `profiles` DISABLE KEYS */;
INSERT INTO `profiles` VALUES (1,'m','1990-11-21',78,'Tyreeshire','Argentina','2020-07-26 16:48:16'),(2,'m','1999-11-27',57,'Lake Corene','Gambia','2020-07-26 16:48:16'),(3,'m','1997-09-21',49,'North Harveytown','Uganda','2020-07-26 16:48:16'),(4,'m','1977-03-01',74,'East Howell','Indonesia','2020-07-26 16:48:16'),(5,'m','1983-08-23',23,'Mullershire','Malaysia','2020-07-26 16:48:16'),(6,'m','1985-10-29',91,'North Chloeville','Armenia','2020-07-26 16:48:16'),(7,'f','1994-08-22',85,'South Cole','Tonga','2020-07-26 16:48:16'),(8,'f','2020-05-04',51,'Hahnton','Togo','2020-07-26 16:48:16'),(9,'f','1972-03-31',100,'North Mary','Lao People\'s Democratic Republic','2020-07-26 16:48:16'),(10,'f','2003-04-15',47,'Port Floridafort','Denmark','2020-07-26 16:48:16'),(11,'f','1981-11-20',32,'Dickimouth','Netherlands Antilles','2020-07-26 16:48:16'),(12,'m','2016-05-19',22,'Rethaside','Saint Pierre and Miquelon','2020-07-26 16:48:16'),(13,'m','1990-03-24',12,'Port Audreannemouth','Yemen','2020-07-26 16:48:16'),(14,'m','2011-07-19',93,'West Shannon','Sao Tome and Principe','2020-07-26 16:48:16'),(15,'m','2017-10-13',29,'Denisport','New Caledonia','2020-07-26 16:48:16'),(16,'m','1998-09-07',65,'Busterton','Austria','2020-07-26 16:48:16'),(17,'m','1989-10-16',39,'North Kayceefurt','Bangladesh','2020-07-26 16:48:16'),(18,'m','1982-10-07',98,'North Domenicofort','United Kingdom','2020-07-26 16:48:16'),(19,'f','1983-01-20',72,'Rippinville','Senegal','2020-07-26 16:48:16'),(20,'f','2009-07-17',65,'Schuppeville','Saint Pierre and Miquelon','2020-07-26 16:48:16'),(21,'f','1976-01-08',11,'Emanuelmouth','Marshall Islands','2020-07-26 16:48:16'),(22,'f','2003-06-17',56,'Birdiefurt','Monaco','2020-07-26 16:48:16'),(23,'m','2001-04-24',49,'Deontaeview','Poland','2020-07-26 16:48:16'),(24,'m','1971-08-01',76,'East Velda','Thailand','2020-07-26 16:48:16'),(25,'m','2003-05-01',33,'Rennermouth','Libyan Arab Jamahiriya','2020-07-26 16:48:16'),(26,'m','1971-01-13',37,'North Godfreyport','Zambia','2020-07-26 16:48:16'),(27,'m','2017-11-26',85,'Jakaylabury','Ireland','2020-07-26 16:48:16'),(28,'f','1977-04-30',15,'Rennerborough','United States Minor Outlying Islands','2020-07-26 16:48:16'),(29,'m','2012-05-20',20,'Maynardport','Lao People\'s Democratic Republic','2020-07-26 16:48:16'),(30,'m','2019-09-13',54,'South Ahmed','Antigua and Barbuda','2020-07-26 16:48:16'),(31,'m','1972-08-16',11,'Janetton','Costa Rica','2020-07-26 16:48:16'),(32,'f','1983-04-21',91,'Schuppeside','Puerto Rico','2020-07-26 16:48:16'),(33,'f','2015-10-04',20,'Jastview','Congo','2020-07-26 16:48:16'),(34,'m','2015-04-22',26,'Thielton','Marshall Islands','2020-07-26 16:48:16'),(35,'m','1979-11-07',71,'Stevemouth','Mauritania','2020-07-26 16:48:16'),(36,'f','1987-10-21',77,'Alvahchester','Slovakia (Slovak Republic)','2020-07-26 16:48:16'),(37,'f','1983-12-29',72,'Johannshire','Spain','2020-07-26 16:48:16'),(38,'m','1971-09-29',27,'Lake Serenityville','Oman','2020-07-26 16:48:16'),(39,'m','1989-05-22',19,'Lake Anaisborough','Reunion','2020-07-26 16:48:16'),(40,'f','1985-12-22',14,'Vladimirland','Jersey','2020-07-26 16:48:16'),(41,'f','2019-02-04',12,'Lake Neoma','France','2020-07-26 16:48:16'),(42,'f','1978-04-17',18,'Dockfurt','Greenland','2020-07-26 16:48:16'),(43,'m','1991-02-02',53,'New Talon','Botswana','2020-07-26 16:48:16'),(44,'m','2003-10-15',10,'Lake Chaz','Svalbard & Jan Mayen Islands','2020-07-26 16:48:16'),(45,'f','2004-10-07',89,'South Daytonmouth','Algeria','2020-07-26 16:48:16'),(46,'f','1989-12-27',16,'New Veronicaport','Montserrat','2020-07-26 16:48:16'),(47,'m','1990-09-10',11,'North Telly','Cocos (Keeling) Islands','2020-07-26 16:48:16'),(48,'m','1970-06-13',8,'Velvashire','Costa Rica','2020-07-26 16:48:16'),(49,'f','2015-05-01',5,'Sadiefort','Syrian Arab Republic','2020-07-26 16:48:16'),(50,'f','1980-02-19',3,'East Wilfridborough','Fiji','2020-07-26 16:48:16'),(51,'m','2016-12-13',98,'Mayraland','Pitcairn Islands','2020-07-26 16:48:16'),(52,'m','1981-03-15',81,'Runolfssonton','Jordan','2020-07-26 16:48:16'),(53,'f','2010-07-02',9,'West Keshawn','Bolivia','2020-07-26 16:48:16'),(54,'f','1996-08-28',3,'Ulisesview','Kuwait','2020-07-26 16:48:16'),(55,'m','1981-05-20',88,'Lake Marciatown','Honduras','2020-07-26 16:48:16'),(56,'f','2013-08-19',31,'Ellieside','Saint Barthelemy','2020-07-26 16:48:16'),(57,'f','1984-05-13',92,'Feestmouth','Morocco','2020-07-26 16:48:16'),(58,'f','2006-06-24',64,'Lake Jairo','Jordan','2020-07-26 16:48:16'),(59,'f','2014-07-09',42,'Port Elise','Morocco','2020-07-26 16:48:16'),(60,'m','2013-10-24',21,'Manuelatown','France','2020-07-26 16:48:16'),(61,'f','1988-09-19',76,'Beerhaven','Nigeria','2020-07-26 16:48:16'),(62,'m','2014-07-31',17,'Myrnaborough','Saint Helena','2020-07-26 16:48:16'),(63,'m','2011-01-14',55,'Ankundingfort','Uzbekistan','2020-07-26 16:48:16'),(64,'m','2020-03-05',25,'Whitefort','Tanzania','2020-07-26 16:48:16'),(65,'f','1988-09-15',61,'South Kaelynmouth','New Caledonia','2020-07-26 16:48:16'),(66,'m','1989-03-23',30,'South Ofelia','Burkina Faso','2020-07-26 16:48:16'),(67,'f','1973-08-01',66,'North Bulah','Myanmar','2020-07-26 16:48:16'),(68,'f','2009-08-31',38,'Alainafort','Niger','2020-07-26 16:48:16'),(69,'f','2010-01-27',90,'Jaydaberg','Andorra','2020-07-26 16:48:16'),(70,'m','1977-10-02',39,'Lavonneview','Egypt','2020-07-26 16:48:16'),(71,'f','2002-01-25',23,'North Drew','Guam','2020-07-26 16:48:16'),(72,'m','1980-01-24',97,'Joneston','Cocos (Keeling) Islands','2020-07-26 16:48:16'),(73,'m','1973-02-11',14,'Ebertshire','Lesotho','2020-07-26 16:48:16'),(74,'f','2014-06-19',80,'Hesselhaven','Qatar','2020-07-26 16:48:16'),(75,'f','2003-06-26',57,'Albaview','Cayman Islands','2020-07-26 16:48:16'),(76,'m','2010-08-11',44,'Beulahchester','Azerbaijan','2020-07-26 16:48:16'),(77,'f','1990-12-20',49,'Isaiahborough','Mongolia','2020-07-26 16:48:16'),(78,'m','1977-07-20',11,'West Litzy','British Indian Ocean Territory (Chagos Archipelago)','2020-07-26 16:48:16'),(79,'f','1987-10-19',9,'Port Chaddfort','Saint Pierre and Miquelon','2020-07-26 16:48:16'),(80,'m','1975-01-23',12,'Olsonside','Serbia','2020-07-26 16:48:16'),(81,'f','2006-03-06',33,'East Onie','Finland','2020-07-26 16:48:16'),(82,'m','2010-03-20',26,'New Collinborough','British Indian Ocean Territory (Chagos Archipelago)','2020-07-26 16:48:16'),(83,'m','1986-09-20',33,'Grantton','Austria','2020-07-26 16:48:16'),(84,'f','2010-08-03',85,'Willland','Timor-Leste','2020-07-26 16:48:16'),(85,'m','1982-01-15',26,'Dejuantown','Turkmenistan','2020-07-26 16:48:16'),(86,'f','1995-11-10',74,'Bruenstad','Guyana','2020-07-26 16:48:16'),(87,'m','2003-02-22',94,'Roscoetown','Syrian Arab Republic','2020-07-26 16:48:16'),(88,'f','1972-12-30',45,'Morarfurt','Faroe Islands','2020-07-26 16:48:16'),(89,'m','1973-10-12',45,'Luciefort','Faroe Islands','2020-07-26 16:48:16'),(90,'f','2002-07-08',90,'East Araceliborough','Antarctica (the territory South of 60 deg S)','2020-07-26 16:48:16'),(91,'m','1999-01-11',12,'Lake Yadiraview','Oman','2020-07-26 16:48:16'),(92,'m','2010-03-10',89,'Kuhnberg','Holy See (Vatican City State)','2020-07-26 16:48:16'),(93,'f','1997-05-24',10,'East Artbury','Georgia','2020-07-26 16:48:16'),(94,'f','1971-07-04',84,'Bradtkeburgh','Monaco','2020-07-26 16:48:16'),(95,'m','2005-07-21',89,'North Jamel','British Virgin Islands','2020-07-26 16:48:16'),(96,'f','2007-07-05',93,'North Meaganside','Tanzania','2020-07-26 16:48:16'),(97,'f','2020-02-11',98,'Lionelton','Turkey','2020-07-26 16:48:16'),(98,'m','1999-06-17',10,'East Ernestoside','Cook Islands','2020-07-26 16:48:16'),(99,'f','2019-01-01',54,'South Blaise','Wallis and Futuna','2020-07-26 16:48:16'),(100,'f','2000-06-08',39,'Danialchester','Saint Pierre and Miquelon','2020-07-26 16:48:16');
/*!40000 ALTER TABLE `profiles` ENABLE KEYS */;
UNLOCK TABLES;

--
-- Table structure for table `users`
--

DROP TABLE IF EXISTS `users`;
/*!40101 SET @saved_cs_client     = @@character_set_client */;
/*!50503 SET character_set_client = utf8mb4 */;
CREATE TABLE `users` (
  `id` int unsigned NOT NULL AUTO_INCREMENT COMMENT 'Идентификатор строки',
  `first_name` varchar(100) CHARACTER SET utf8 COLLATE utf8_unicode_ci NOT NULL COMMENT 'Имя пользователя',
  `last_name` varchar(100) CHARACTER SET utf8 COLLATE utf8_unicode_ci NOT NULL COMMENT 'Фамилия пользователя',
  `email` varchar(100) CHARACTER SET utf8 COLLATE utf8_unicode_ci NOT NULL COMMENT 'Почта',
  `phone` varchar(100) CHARACTER SET utf8 COLLATE utf8_unicode_ci NOT NULL COMMENT 'Телефон',
  `created_at` datetime DEFAULT CURRENT_TIMESTAMP COMMENT 'Время создания строки',
  `updated_at` datetime DEFAULT CURRENT_TIMESTAMP ON UPDATE CURRENT_TIMESTAMP COMMENT 'Время обновления строки',
  PRIMARY KEY (`id`),
  UNIQUE KEY `email` (`email`),
  UNIQUE KEY `phone` (`phone`)
) ENGINE=InnoDB AUTO_INCREMENT=101 DEFAULT CHARSET=utf8 COLLATE=utf8_unicode_ci COMMENT='Пользователи';
/*!40101 SET character_set_client = @saved_cs_client */;

--
-- Dumping data for table `users`
--

LOCK TABLES `users` WRITE;
/*!40000 ALTER TABLE `users` DISABLE KEYS */;
INSERT INTO `users` VALUES (1,'Mabel','Lueilwitz','pedro87@example.net','005.570.9693','2017-07-08 17:40:32','2020-02-17 04:40:51'),(2,'Assunta','Streich','georgianna.veum@example.org','297.979.8933x4231','2019-10-04 15:27:12','2019-11-01 09:33:08'),(3,'Joana','Reinger','koch.janet@example.net','(930)249-7060x51649','2019-03-26 18:56:10','2019-11-12 13:29:18'),(4,'Clementina','Purdy','vicente83@example.com','(351)491-3160x69532','2019-01-20 16:08:53','2019-09-17 04:28:18'),(5,'Emelia','Waters','elva88@example.net','(732)978-2742x5760','2012-12-31 15:26:04','2020-05-25 07:24:24'),(6,'Mikayla','Schowalter','mschmeler@example.net','(113)966-6537x90299','2017-01-31 22:41:54','2020-06-03 03:28:59'),(7,'Pink','Treutel','o\'keefe.anika@example.net','(347)558-3590x76527','2013-03-02 11:54:32','2019-12-28 16:48:31'),(8,'Selmer','Jerde','halvorson.earlene@example.com','(321)809-0963x371','2017-07-02 02:25:13','2020-01-27 23:49:41'),(9,'Malika','Hauck','heidi80@example.com','(332)143-8530x71378','2017-11-17 21:55:50','2020-05-01 23:24:43'),(10,'Connie','Zemlak','gkessler@example.com','+91(3)3846091913','2010-10-09 01:31:26','2020-01-03 19:25:04'),(11,'Samara','Funk','cormier.rylee@example.com','+11(2)0587703482','2017-10-11 03:25:58','2019-09-19 05:56:42'),(12,'Michel','Miller','onitzsche@example.org','086-240-5379x4417','2013-08-25 13:31:22','2019-12-24 04:14:38'),(13,'Narciso','Robel','dante.kilback@example.net','(769)858-7538x847','2015-06-01 17:49:16','2019-07-26 14:42:47'),(14,'Manuel','Beier','jamir.little@example.net','145.006.4904','2013-02-04 06:18:19','2019-09-18 05:05:17'),(15,'Phyllis','Hahn','kavon.wilderman@example.com','(179)725-4310','2013-05-30 01:03:34','2020-02-25 00:29:57'),(16,'Jessie','Bartoletti','emilia34@example.com','+69(6)9616699479','2018-10-23 03:02:04','2019-08-02 22:50:32'),(17,'Lempi','Deckow','zcremin@example.net','1-792-142-6452','2017-07-04 23:49:35','2019-09-22 19:08:10'),(18,'Letha','Glover','eldred.berge@example.net','03634227663','2014-11-17 13:25:27','2019-08-27 21:03:57'),(19,'Freda','Medhurst','lillie81@example.com','(240)570-6449x253','2020-07-15 09:26:01','2020-07-26 16:40:35'),(20,'Rudolph','Crona','bmedhurst@example.org','1-950-843-1721x26604','2011-03-19 18:43:31','2020-01-02 19:38:28'),(21,'Kristoffer','Beer','aron.schultz@example.com','04324676903','2011-02-20 18:14:00','2019-07-31 02:55:59'),(22,'Karolann','Gaylord','alexandra.schinner@example.com','977.947.7709x631','2018-08-25 05:31:28','2020-03-17 04:40:46'),(23,'Brent','Pagac','kbergstrom@example.org','246-650-1251x5073','2020-05-18 14:49:04','2020-07-26 16:40:35'),(24,'Kristian','Nikolaus','schulist.deanna@example.org','09337748095','2012-09-20 04:08:40','2019-11-11 07:19:12'),(25,'Terrence','Braun','rohan.neil@example.org','+76(4)8403717311','2016-07-17 19:41:58','2020-01-20 06:20:08'),(26,'Loyce','Pouros','dickinson.lizzie@example.net','1-055-437-9394x5676','2011-11-12 02:27:07','2019-11-06 23:44:27'),(27,'Kassandra','Daniel','freynolds@example.net','(084)663-7754x9313','2011-10-09 14:06:03','2019-12-08 14:19:25'),(28,'Tressie','Bode','prohaska.margot@example.com','04772731810','2016-08-07 19:57:34','2020-05-13 11:13:25'),(29,'Shad','Runolfsdottir','myron.baumbach@example.org','418.130.3620x8243','2016-11-27 21:03:05','2020-04-05 11:26:03'),(30,'Mohammad','Botsford','eugenia.jones@example.org','(208)614-7241x7847','2020-06-09 07:01:08','2020-07-26 16:40:35'),(31,'Camren','Bailey','rachel94@example.org','1-884-025-4453','2018-11-19 10:25:10','2020-03-22 10:58:39'),(32,'Monserrat','Satterfield','gus95@example.com','374.310.0337','2012-06-30 09:56:23','2019-10-16 03:53:18'),(33,'Melyna','Wilkinson','kuhn.brisa@example.com','212.391.9263x56432','2010-08-09 10:41:40','2020-07-14 17:57:45'),(34,'Riley','Metz','kbradtke@example.com','990.243.0017x0143','2015-09-19 01:41:48','2019-08-08 19:03:03'),(35,'Toni','Paucek','raven.connelly@example.org','1-950-516-3841','2017-06-07 11:07:39','2020-06-13 21:41:06'),(36,'Aubree','Morissette','kuhn.ashlynn@example.org','+85(9)1131226105','2014-05-18 15:36:53','2020-06-26 22:30:28'),(37,'Paris','Koss','maxwell.casper@example.org','288.611.9503x922','2016-12-03 12:04:25','2020-01-03 22:23:00'),(38,'Maddison','Jacobi','waters.emilio@example.net','538.970.5540x954','2017-09-09 08:15:47','2020-03-02 19:41:02'),(39,'Donnell','Marks','xmoore@example.net','090.561.1077x2075','2012-10-21 08:14:30','2020-01-29 21:44:12'),(40,'Keith','Schiller','zora77@example.com','791.796.9665','2016-06-30 22:49:27','2019-10-13 06:45:09'),(41,'Maddison','Rutherford','janessa.wolff@example.net','(880)966-0084x53873','2016-12-20 20:15:27','2020-02-24 20:09:31'),(42,'Dewayne','Christiansen','jonas64@example.com','(807)374-3460','2018-01-16 19:23:48','2020-06-01 15:58:09'),(43,'Granville','Berge','lkuhlman@example.org','+39(1)5501232130','2010-10-11 12:40:09','2020-05-19 19:39:52'),(44,'Denis','Langworth','lind.maximillian@example.net','1-521-000-3273x747','2013-12-09 08:09:32','2019-12-16 16:56:18'),(45,'Alexys','Pfeffer','hickle.rosemarie@example.com','(221)716-0528','2013-09-22 13:40:23','2019-09-11 21:14:25'),(46,'Emerald','Conn','sanford.frida@example.org','04998335950','2019-07-03 20:19:44','2019-12-15 06:16:44'),(47,'Antonina','Sanford','cecil47@example.net','(854)377-8229x219','2017-09-21 22:30:57','2020-03-16 12:30:54'),(48,'Marielle','Feest','ehand@example.com','618.096.4500x95752','2012-03-18 03:23:57','2020-02-11 03:38:31'),(49,'Kelli','Gleichner','mcglynn.brown@example.net','(974)155-4214','2013-02-12 08:03:48','2020-01-12 04:54:44'),(50,'Gideon','Stokes','mueller.skyla@example.org','(223)273-5215','2013-02-06 22:17:02','2019-09-30 01:47:55'),(51,'Freeda','Goldner','ikilback@example.com','542-627-5316x30659','2016-06-23 15:32:17','2020-02-17 15:26:13'),(52,'Juwan','Weimann','wyman56@example.com','(186)280-1235x267','2020-05-25 02:08:34','2020-07-26 16:40:35'),(53,'Violet','VonRueden','trogahn@example.com','084-581-2583x6783','2015-09-16 09:11:15','2019-12-24 05:29:55'),(54,'Zane','Kunze','phintz@example.com','1-022-003-4693x8340','2017-09-23 21:00:53','2019-07-30 04:48:12'),(55,'Bianka','Kshlerin','florencio41@example.org','699-632-3057','2012-04-14 00:53:53','2019-11-29 23:11:46'),(56,'Vance','Friesen','beverly36@example.org','(802)462-6540x892','2015-09-24 01:06:26','2019-10-03 22:27:23'),(57,'Reinhold','Olson','roob.kim@example.org','(846)839-6602x8199','2016-07-29 03:39:34','2020-03-11 00:41:10'),(58,'Israel','Quigley','goyette.leta@example.org','1-975-873-9980','2019-02-27 09:07:01','2019-07-22 14:10:42'),(59,'Cydney','Reinger','kutch.jaylin@example.org','1-486-900-2887','2016-04-28 00:25:17','2019-11-08 04:23:12'),(60,'Lukas','Christiansen','taya62@example.com','(526)680-6396','2015-10-21 01:27:56','2019-10-04 19:06:51'),(61,'Ollie','Emmerich','dena.hoeger@example.org','(984)799-4244x576','2013-09-30 09:33:43','2019-09-17 04:28:47'),(62,'Domenico','Marvin','hassan.schoen@example.org','913.226.2632','2016-10-28 21:52:22','2020-05-16 12:41:35'),(63,'Brionna','McDermott','bradford67@example.net','102.781.1467x107','2013-12-03 00:40:25','2019-10-28 03:34:26'),(64,'Deven','Roob','kaia99@example.net','081.519.8135x4997','2014-09-27 03:42:38','2020-03-12 10:17:54'),(65,'Adeline','Borer','haley.adrienne@example.org','1-904-759-8711x99167','2015-10-04 05:37:32','2019-09-06 07:11:59'),(66,'Kiera','Willms','reed.goyette@example.net','683.662.6076','2012-08-11 08:09:03','2020-01-26 04:36:53'),(67,'Coy','Rutherford','harvey.jovanny@example.net','277.879.5339x70519','2020-04-05 01:42:17','2020-07-26 16:40:35'),(68,'Otis','Jerde','stracke.alexys@example.net','1-303-769-1696x401','2015-07-23 00:25:30','2020-05-06 14:10:11'),(69,'Jane','Cronin','wiegand.wilhelm@example.net','619-072-6034','2013-12-27 13:18:18','2020-06-28 19:12:27'),(70,'Santa','Stoltenberg','eliseo.marvin@example.org','00804335565','2011-11-17 09:42:46','2020-01-03 19:26:33'),(71,'Eladio','Kassulke','marjolaine.rutherford@example.org','281-336-2434x37614','2013-06-27 20:03:12','2020-05-05 14:36:06'),(72,'Stewart','Stanton','von.lexie@example.com','1-473-358-5340','2017-03-09 05:12:14','2019-07-22 23:22:14'),(73,'Fred','Schoen','murphy.cortez@example.com','771-782-4860x653','2013-03-07 13:42:50','2019-12-25 14:03:07'),(74,'Destinee','Cartwright','raegan22@example.com','166-099-4098x2098','2017-04-12 03:39:54','2019-11-28 04:46:09'),(75,'Evelyn','Considine','funk.lela@example.net','+75(9)6917183490','2010-10-10 01:29:13','2020-07-17 14:55:34'),(76,'Roosevelt','Ward','christelle32@example.org','(583)414-2389x4595','2012-08-25 11:28:27','2020-06-13 20:15:26'),(77,'Laurianne','Hane','powlowski.buddy@example.org','685.299.5085','2018-02-04 06:06:14','2020-01-18 15:14:57'),(78,'Adolfo','Yost','jaleel27@example.org','+60(3)1559555034','2012-10-06 17:19:54','2019-09-21 02:30:47'),(79,'Kelvin','Kautzer','kiehn.melisa@example.org','(341)013-0666','2017-05-10 11:11:00','2020-05-11 15:57:42'),(80,'Cristopher','Schulist','nschowalter@example.net','00762496483','2012-06-14 12:25:41','2020-05-15 07:07:50'),(81,'Kennedy','Schowalter','imoore@example.com','1-811-807-5886','2017-02-19 00:42:27','2019-08-03 08:01:42'),(82,'Macy','Corkery','xconn@example.com','(319)721-7855x99585','2011-10-30 02:24:24','2020-04-28 23:56:39'),(83,'Brandy','Schiller','pbashirian@example.net','(526)502-1666x5961','2013-12-21 22:52:52','2020-05-12 08:16:51'),(84,'Colin','Quitzon','gonzalo.lind@example.com','674.999.3351','2019-10-28 12:56:16','2020-07-15 08:45:00'),(85,'Ryleigh','Sauer','lesch.jeremy@example.org','(854)958-7525x700','2014-04-21 08:32:37','2019-11-18 20:13:39'),(86,'Barry','Walker','klocko.cassidy@example.com','949.365.0572','2012-11-11 01:42:07','2020-07-14 21:33:00'),(87,'Melba','Krajcik','fmckenzie@example.org','04220437060','2020-04-05 18:01:08','2020-07-26 16:40:35'),(88,'Otto','O\'Keefe','fdickens@example.com','525-091-9596','2019-11-24 13:01:20','2020-05-27 00:57:03'),(89,'Kirk','Schmitt','mose29@example.net','06226838497','2011-03-10 13:22:49','2019-12-31 07:39:56'),(90,'Mustafa','Fahey','valentine.mayer@example.org','08067043246','2018-04-02 02:21:46','2019-11-08 08:29:22'),(91,'Brandyn','Maggio','oschuster@example.com','(922)764-9065','2015-07-23 15:08:07','2020-04-26 09:58:03'),(92,'Joshua','Erdman','wkonopelski@example.com','157.379.9187','2015-05-04 22:55:02','2020-03-10 17:55:09'),(93,'Devon','Rohan','jaiden.west@example.org','289.099.0222','2012-04-08 08:46:11','2019-12-16 13:49:48'),(94,'Christa','Donnelly','gerhold.carlie@example.net','753.079.9828x39289','2013-12-05 13:12:02','2019-09-05 18:24:25'),(95,'Dianna','Johnson','fay.rick@example.com','650.009.0760x3599','2015-07-22 12:05:07','2019-12-01 09:05:03'),(96,'Curt','Morar','foster.halvorson@example.org','244.975.6576','2020-01-18 02:29:22','2020-04-15 15:49:24'),(97,'Esmeralda','Zemlak','coy94@example.net','000.395.8542','2010-08-06 05:47:43','2019-08-03 19:18:18'),(98,'Estevan','Fisher','nlangosh@example.net','+45(9)8541555597','2014-04-10 19:24:16','2020-06-29 17:40:36'),(99,'Enid','Doyle','rae.boyer@example.net','680.092.2458x1918','2018-06-15 20:55:07','2020-03-21 09:59:17'),(100,'Mandy','Bruen','mschiller@example.com','(021)885-7052','2012-11-09 16:49:07','2020-06-08 02:53:59');
/*!40000 ALTER TABLE `users` ENABLE KEYS */;
UNLOCK TABLES;
/*!40103 SET TIME_ZONE=@OLD_TIME_ZONE */;

/*!40101 SET SQL_MODE=@OLD_SQL_MODE */;
/*!40014 SET FOREIGN_KEY_CHECKS=@OLD_FOREIGN_KEY_CHECKS */;
/*!40014 SET UNIQUE_CHECKS=@OLD_UNIQUE_CHECKS */;
/*!40101 SET CHARACTER_SET_CLIENT=@OLD_CHARACTER_SET_CLIENT */;
/*!40101 SET CHARACTER_SET_RESULTS=@OLD_CHARACTER_SET_RESULTS */;
/*!40101 SET COLLATION_CONNECTION=@OLD_COLLATION_CONNECTION */;
/*!40111 SET SQL_NOTES=@OLD_SQL_NOTES */;

-- Dump completed on 2020-07-26 22:51:51
